Cadence Genus(TM) Synthesis Solution.
Copyright 2024 Cadence Design Systems, Inc. All rights reserved worldwide.
Cadence and the Cadence logo are registered trademarks and Genus is a trademark
of Cadence Design Systems, Inc. in the United States and other countries.

[18:23:30.456073] Configured Lic search path (21.01-s002): 27001@200.132.35.25

Version: 21.19-s055_1, built Wed May 29 12:33:07 PDT 2024
Options: -abort_on_error -lic_startup Genus_Synthesis -lic_startup_options Genus_Physical_Opt -log genus -overwrite -files /home/ufsm00291/ufsm00291-bruning2023520081/projetos/multiplier32FP/backend/synthesis/scripts/multiplier32FP.tcl 
Date:    Wed Jun 10 18:23:30 2026
Host:    ecomp (x86_64 w/Linux 4.18.0-553.123.1.el8_10.x86_64) (6cores*24cpus*2physical cpus*Intel(R) Xeon(R) CPU E5645 @ 2.40GHz 12288KB) (73662640KB)
PID:     557112
OS:      Rocky Linux release 8.10 (Green Obsidian)


[18:23:30.217819] Periodic Lic check successful
[18:23:30.217840] Feature usage summary:
[18:23:30.217841] Genus_Synthesis
Checking out license: Genus_Synthesis


***********************************************************************************************************
***********************************************************************************************************



Loading tool scripts...
Finished loading tool scripts (16 seconds elapsed).


[18:23:47.143946] Periodic Lic check successful
[18:23:47.143992] Feature usage summary:
[18:23:47.143994] Genus_Synthesis
[18:23:47.143995] Genus_Physical_Opt
Checking out license: Genus_Physical_Opt

#@ Processing -files option
@genus 1> source /home/ufsm00291/ufsm00291-bruning2023520081/projetos/multiplier32FP/backend/synthesis/scripts/multiplier32FP.tcl
#@ Begin verbose source /home/ufsm00291/ufsm00291-bruning2023520081/projetos/multiplier32FP/backend/synthesis/scripts/multiplier32FP.tcl
@file(multiplier32FP.tcl) 8: puts "  "
  
@file(multiplier32FP.tcl) 9: puts "  "
  
@file(multiplier32FP.tcl) 10: puts "  "
  
@file(multiplier32FP.tcl) 11: puts "  "
  
@file(multiplier32FP.tcl) 16: source ../../synthesis/scripts/common/variables.tcl
Sourcing '../../synthesis/scripts/common/variables.tcl' (Wed Jun 10 18:23:47 -03 2026)...
#@ Begin verbose source ../../synthesis/scripts/common/variables.tcl
@file(variables.tcl) 4: set PROJECT_DIR $env(PROJECT_DIR)
@file(variables.tcl) 5: set TECH_DIR $env(TECH_DIR)
@file(variables.tcl) 6: set LEF_DIR $env(LEF_DIR)
@file(variables.tcl) 7: set DESIGNS $env(DESIGNS)
@file(variables.tcl) 8: set DESIGNS $env(DESIGNS)
@file(variables.tcl) 9: set HDL_NAME $env(HDL_NAME)
@file(variables.tcl) 10: set RTL_FILES $env(RTL_FILES)
@file(variables.tcl) 11: set INTERCONNECT_MODE ple
@file(variables.tcl) 13: set MAIN_CLOCK_NAME $env(MAIN_CLOCK_NAME)
@file(variables.tcl) 14: set MAIN_RST_NAME $env(MAIN_RST_NAME)
@file(variables.tcl) 15: set BEST_LIB_OPERATING_CONDITION $env(BEST_LIB_OPERATING_CONDITION)
@file(variables.tcl) 16: set WORST_LIB_OPERATING_CONDITION $env(WORST_LIB_OPERATING_CONDITION)
@file(variables.tcl) 17: set period_clk $env(period_clk)
@file(variables.tcl) 18: set clk_uncertainty $env(clk_uncertainty)
@file(variables.tcl) 19: set clk_latency $env(clk_latency)
@file(variables.tcl) 20: set in_delay $env(in_delay)
@file(variables.tcl) 21: set out_delay $env(out_delay)
@file(variables.tcl) 22: set out_load $env(out_load)
@file(variables.tcl) 23: set slew $env(slew)
@file(variables.tcl) 24: set slew_min_rise $env(slew_min_rise)
@file(variables.tcl) 25: set slew_min_fall $env(slew_min_fall)
@file(variables.tcl) 26: set slew_max_rise $env(slew_max_rise)
@file(variables.tcl) 27: set slew_max_fall $env(slew_max_fall)
@file(variables.tcl) 29: set WORST_LIST $env(WORST_LIST)
@file(variables.tcl) 30: set BEST_LIST $env(BEST_LIST)
@file(variables.tcl) 31: set LEF_LIST $env(LEF_LIST)
@file(variables.tcl) 32: set WORST_CAP_LIST $env(WORST_CAP_LIST)
@file(variables.tcl) 33: set QRC_LIST $env(QRC_LIST)
@file(variables.tcl) 34: set CAP_MAX $env(CAP_MAX)
@file(variables.tcl) 35: set CAP_MIN $env(CAP_MIN)
@file(variables.tcl) 37: set NET_ZERO $env(NET_ZERO)
@file(variables.tcl) 38: set NET_ONE $env(NET_ONE)
@file(variables.tcl) 40: set BUFFERS_CTS $env(BUFFERS_CTS)
@file(variables.tcl) 41: set INVERTERS_CTS $env(INVERTERS_CTS)
@file(variables.tcl) 43: set LEFT_CORE_PINS $env(LEFT_CORE_PINS)
@file(variables.tcl) 44: set TOP_CORE_PINS $env(TOP_CORE_PINS)
@file(variables.tcl) 45: set RIGHT_CORE_PINS $env(RIGHT_CORE_PINS)
@file(variables.tcl) 46: set BOTTOM_CORE_PINS $env(BOTTOM_CORE_PINS)
#@ End verbose source ../../synthesis/scripts/common/variables.tcl
@file(multiplier32FP.tcl) 20: source ${PROJECT_DIR}/backend/synthesis/scripts/common/path.tcl
Sourcing '/home/ufsm00291/ufsm00291-bruning2023520081/projetos/multiplier32FP/backend/synthesis/scripts/common/path.tcl' (Wed Jun 10 18:23:47 -03 2026)...
#@ Begin verbose source /home/ufsm00291/ufsm00291-bruning2023520081/projetos/multiplier32FP/backend/synthesis/scripts/common/path.tcl
@file(path.tcl) 5: set BACKEND_DIR ${PROJECT_DIR}/backend
@file(path.tcl) 6: set SYNT_DIR ${BACKEND_DIR}/synthesis
@file(path.tcl) 7: set SCRIPT_DIR ${SYNT_DIR}/scripts
@file(path.tcl) 8: set RPT_DIR ${SYNT_DIR}/reports
@file(path.tcl) 9: set DEV_DIR ${SYNT_DIR}/deliverables
@file(path.tcl) 10: set LAYOUT_DIR ${BACKEND_DIR}/layout
@file(path.tcl) 15: set FRONTEND_DIR ${PROJECT_DIR}/frontend
@file(path.tcl) 16: set OTHERS ""
@file(path.tcl) 17: lappend FRONTEND_DIR $OTHERS
@file(path.tcl) 23: lappend LIB_DIR ${TECH_DIR}/io
@file(path.tcl) 26: lappend LEF_DIR ${TECH_DIR}/giolib045_v3.3/lef
#@ End verbose source /home/ufsm00291/ufsm00291-bruning2023520081/projetos/multiplier32FP/backend/synthesis/scripts/common/path.tcl
@file(multiplier32FP.tcl) 25: source ${SCRIPT_DIR}/common/tech.tcl
Sourcing '/home/ufsm00291/ufsm00291-bruning2023520081/projetos/multiplier32FP/backend/synthesis/scripts/common/tech.tcl' (Wed Jun 10 18:23:47 -03 2026)...
#@ Begin verbose source /home/ufsm00291/ufsm00291-bruning2023520081/projetos/multiplier32FP/backend/synthesis/scripts/common/tech.tcl
@file(tech.tcl) 5: create_library_domain {worst best} 
@file(tech.tcl) 6: get_db library_domains *
@file(tech.tcl) 12: set_db lib_search_path "${LIB_DIR} ${LEF_DIR}"
  Setting attribute of root '/': 'lib_search_path' = /home/tools/design_kits/cadence/GPDK045/io /home/tools/design_kits/cadence/GPDK045/gsclib045_svt_v4.4/gsclib045/lef /home/tools/design_kits/cadence/GPDK045/giolib045_v3.3/lef
@file(tech.tcl) 13: set_db [get_db library_domains worst] .library ${WORST_LIST}

Threads Configured:3

  Message Summary for Library slow_vdd1v0_basicCells.lib:
  *******************************************************
  Missing a function attribute in the output pin definition. [LBR-518]: 1
  *******************************************************
 
Info    : Created nominal operating condition. [LBR-412]
        : Operating condition '_nominal_' was created for the PVT values (1.000000, 0.900000, 125.000000) in library 'slow_vdd1v0_basicCells.lib'.
        : The nominal operating condition is represented, either by the nominal PVT values specified in the library source (via nom_process,nom_voltage and nom_temperature respectively), or by the default PVT values (1.0,1.0,1.0).
Warning : Library cell has no output pins defined. [LBR-9]
        : Library cell 'ANTENNA' must have an output pin.
        : Add the missing output pin(s), then reload the library. Else the library cell will be marked as timing model i.e. unusable. Timing_model means that the cell does not have any defined function. If there is no output pin, Genus will mark library cell as unusable i.e. the attribute 'usable' will be marked to 'false' on the libcell. Therefore, the cell is not used for mapping and it will not be picked up from the library for synthesis. If you query the attribute 'unusable_reason' on the libcell; result will be: 'Library cell has no output pins.'Note: The message LBR-9 is only for the logical pins and not for the power_ground pins. Genus will depend upon the output function defined in the pin group (output pin) of the cell, to use it for mapping. The pg_pin will not have any function defined.
Warning : Library cell has no output pins defined. [LBR-9]
        : Library cell 'ANTENNA' must have an output pin.
Warning : Library cell has no output pins defined. [LBR-9]
        : Library cell 'DECAP10' must have an output pin.
Warning : Library cell has no output pins defined. [LBR-9]
        : Library cell 'DECAP10' must have an output pin.
Warning : Library cell has no output pins defined. [LBR-9]
        : Library cell 'DECAP2' must have an output pin.
Warning : Library cell has no output pins defined. [LBR-9]
        : Library cell 'DECAP2' must have an output pin.
Warning : Library cell has no output pins defined. [LBR-9]
        : Library cell 'DECAP3' must have an output pin.
Warning : Library cell has no output pins defined. [LBR-9]
        : Library cell 'DECAP3' must have an output pin.
Warning : Library cell has no output pins defined. [LBR-9]
        : Library cell 'DECAP4' must have an output pin.
Warning : Library cell has no output pins defined. [LBR-9]
        : Library cell 'DECAP4' must have an output pin.
Warning : Library cell has no output pins defined. [LBR-9]
        : Library cell 'DECAP5' must have an output pin.
Warning : Library cell has no output pins defined. [LBR-9]
        : Library cell 'DECAP5' must have an output pin.
Warning : Library cell has no output pins defined. [LBR-9]
        : Library cell 'DECAP6' must have an output pin.
Warning : Library cell has no output pins defined. [LBR-9]
        : Library cell 'DECAP6' must have an output pin.
Warning : Library cell has no output pins defined. [LBR-9]
        : Library cell 'DECAP7' must have an output pin.
Warning : Library cell has no output pins defined. [LBR-9]
        : Library cell 'DECAP7' must have an output pin.
Warning : Library cell has no output pins defined. [LBR-9]
        : Library cell 'DECAP8' must have an output pin.
Warning : Library cell has no output pins defined. [LBR-9]
        : Library cell 'DECAP8' must have an output pin.
Warning : Library cell has no output pins defined. [LBR-9]
        : Library cell 'DECAP9' must have an output pin.
Warning : Library cell has no output pins defined. [LBR-9]
        : Library cell 'DECAP9' must have an output pin.
Info    : Set default library domain. [LBR-109]
        : The default library domain is 'library_domain:worst'.
  Setting attribute of library_domain 'worst': 'library' = /home/tools/design_kits/cadence/GPDK045/gsclib045_svt_v4.4/gsclib045/timing/slow_vdd1v0_basicCells.lib
@file(tech.tcl) 14: set_db [get_db library_domains best] .library ${BEST_LIST}

Threads Configured:3

  Message Summary for Library fast_vdd1v2_basicCells.lib:
  *******************************************************
  Missing a function attribute in the output pin definition. [LBR-518]: 1
  *******************************************************
 
Info    : Created nominal operating condition. [LBR-412]
        : Operating condition '_nominal_' was created for the PVT values (1.000000, 1.320000, 0.000000) in library 'fast_vdd1v2_basicCells.lib'.
Warning : Library cell has no output pins defined. [LBR-9]
        : Library cell 'ANTENNA' must have an output pin.
Warning : Library cell has no output pins defined. [LBR-9]
        : Library cell 'ANTENNA' must have an output pin.
Warning : Library cell has no output pins defined. [LBR-9]
        : Library cell 'DECAP10' must have an output pin.
Warning : Library cell has no output pins defined. [LBR-9]
        : Library cell 'DECAP10' must have an output pin.
Warning : Library cell has no output pins defined. [LBR-9]
        : Library cell 'DECAP2' must have an output pin.
Warning : Library cell has no output pins defined. [LBR-9]
        : Library cell 'DECAP2' must have an output pin.
Warning : Library cell has no output pins defined. [LBR-9]
        : Library cell 'DECAP3' must have an output pin.
Warning : Library cell has no output pins defined. [LBR-9]
        : Library cell 'DECAP3' must have an output pin.
Warning : Library cell has no output pins defined. [LBR-9]
        : Library cell 'DECAP4' must have an output pin.
Warning : Library cell has no output pins defined. [LBR-9]
        : Library cell 'DECAP4' must have an output pin.
Warning : Library cell has no output pins defined. [LBR-9]
        : Library cell 'DECAP5' must have an output pin.
Warning : Library cell has no output pins defined. [LBR-9]
        : Library cell 'DECAP5' must have an output pin.
Warning : Library cell has no output pins defined. [LBR-9]
        : Library cell 'DECAP6' must have an output pin.
Warning : Library cell has no output pins defined. [LBR-9]
        : Library cell 'DECAP6' must have an output pin.
Warning : Library cell has no output pins defined. [LBR-9]
        : Library cell 'DECAP7' must have an output pin.
Warning : Library cell has no output pins defined. [LBR-9]
        : Library cell 'DECAP7' must have an output pin.
Warning : Library cell has no output pins defined. [LBR-9]
        : Library cell 'DECAP8' must have an output pin.
Warning : Library cell has no output pins defined. [LBR-9]
        : Library cell 'DECAP8' must have an output pin.
Warning : Library cell has no output pins defined. [LBR-9]
        : Library cell 'DECAP9' must have an output pin.
Warning : Library cell has no output pins defined. [LBR-9]
        : Library cell 'DECAP9' must have an output pin.
  Setting attribute of library_domain 'best': 'library' = /home/tools/design_kits/cadence/GPDK045/gsclib045_svt_v4.4/gsclib045/timing/fast_vdd1v2_basicCells.lib
@file(tech.tcl) 20: get_db [get_db library_domains *worst] .operating_conditions
@file(tech.tcl) 21: set_db [get_db library_domains *worst] .operating_conditions ${WORST_LIB_OPERATING_CONDITION} ;# specifies the operating conditions to be used for timing
  Setting attribute of library_domain 'worst': 'operating_conditions' = operating_condition:ls_of_ld_worst/slow_vdd1v0/PVT_0P9V_125C
@file(tech.tcl) 22: get_db [get_db library_domains *worst] .operating_conditions
@file(tech.tcl) 24: get_db [get_db library_domains *best] .operating_conditions
@file(tech.tcl) 25: set_db [get_db library_domains *best] .operating_conditions ${BEST_LIB_OPERATING_CONDITION} ;# specifies the operating conditions to be used for timing
  Setting attribute of library_domain 'best': 'operating_conditions' = operating_condition:ls_of_ld_best/fast_vdd1v2/PVT_1P32V_0C
@file(tech.tcl) 26: get_db [get_db library_domains *best] .operating_conditions
@file(tech.tcl) 28: get_db [get_db library_domain *worst] .default
@file(tech.tcl) 29: get_db [get_db library_domain *best] .default 
@file(tech.tcl) 31: get_db [vfind /libraries -library_domain worst] .active_operating_conditions
  Library has 324 usable logic and 128 usable sequential lib-cells.
  Library has 324 usable logic and 128 usable sequential lib-cells.
@file(tech.tcl) 32: get_db [vfind /libraries -library_domain best] .active_operating_conditions 
@file(tech.tcl) 44: set_db lef_library ${LEF_LIST}
Info    : Via with no resistance will have a value of '0.0' assigned for resistance value. [PHYS-129]
        : Via 'M2_M1_HV' has no resistance value.
        : If this is the expected behavior, this message can be ignored.
Info    : Via with no resistance will have a value of '0.0' assigned for resistance value. [PHYS-129]
        : Via 'M2_M1_VV' has no resistance value.
Info    : Via with no resistance will have a value of '0.0' assigned for resistance value. [PHYS-129]
        : Via 'M2_M1_VH' has no resistance value.
Info    : Via with no resistance will have a value of '0.0' assigned for resistance value. [PHYS-129]
        : Via 'M2_M1_HH' has no resistance value.
Info    : Via with no resistance will have a value of '0.0' assigned for resistance value. [PHYS-129]
        : Via 'M2_M1_2x1_HV_E' has no resistance value.
Info    : Via with no resistance will have a value of '0.0' assigned for resistance value. [PHYS-129]
        : Via 'M2_M1_2x1_HV_W' has no resistance value.
Info    : Via with no resistance will have a value of '0.0' assigned for resistance value. [PHYS-129]
        : Via 'M2_M1_1x2_HV_N' has no resistance value.
Info    : Via with no resistance will have a value of '0.0' assigned for resistance value. [PHYS-129]
        : Via 'M2_M1_1x2_HV_S' has no resistance value.
Info    : Via with no resistance will have a value of '0.0' assigned for resistance value. [PHYS-129]
        : Via 'M3_M2_VH' has no resistance value.
Info    : Via with no resistance will have a value of '0.0' assigned for resistance value. [PHYS-129]
        : Via 'M3_M2_HH' has no resistance value.
Info    : Via with no resistance will have a value of '0.0' assigned for resistance value. [PHYS-129]
        : Via 'M3_M2_HV' has no resistance value.
Info    : Via with no resistance will have a value of '0.0' assigned for resistance value. [PHYS-129]
        : Via 'M3_M2_VV' has no resistance value.
Info    : Via with no resistance will have a value of '0.0' assigned for resistance value. [PHYS-129]
        : Via 'M3_M2_M_NH' has no resistance value.
Info    : Via with no resistance will have a value of '0.0' assigned for resistance value. [PHYS-129]
        : Via 'M3_M2_M_SH' has no resistance value.
Info    : Via with no resistance will have a value of '0.0' assigned for resistance value. [PHYS-129]
        : Via 'M3_M2_2x1_VH_E' has no resistance value.
Info    : Via with no resistance will have a value of '0.0' assigned for resistance value. [PHYS-129]
        : Via 'M3_M2_2x1_VH_W' has no resistance value.
Info    : Via with no resistance will have a value of '0.0' assigned for resistance value. [PHYS-129]
        : Via 'M3_M2_1x2_VH_N' has no resistance value.
Info    : Via with no resistance will have a value of '0.0' assigned for resistance value. [PHYS-129]
        : Via 'M3_M2_1x2_VH_S' has no resistance value.
Info    : Via with no resistance will have a value of '0.0' assigned for resistance value. [PHYS-129]
        : Via 'M4_M3_HV' has no resistance value.
Info    : Via with no resistance will have a value of '0.0' assigned for resistance value. [PHYS-129]
        : Via 'M4_M3_VV' has no resistance value.
Warning : Maximum message print count reached. [MESG-11]
        : Maximum print count of '20' reached for message 'PHYS-129'.

  According to lef_library, there are total 11 routing layers [ V(5) / H(6) ]

Warning : Physical cell not defined in library. [PHYS-279]
        : The physical (LEF) cell DFF2RX1 cannot be found in library.
        : Ensure that the proper library files are available and have been imported.
Warning : Physical cell not defined in library. [PHYS-279]
        : The physical (LEF) cell DFF2RX2 cannot be found in library.
Warning : Physical cell not defined in library. [PHYS-279]
        : The physical (LEF) cell DFF2X1 cannot be found in library.
Warning : Physical cell not defined in library. [PHYS-279]
        : The physical (LEF) cell DFF2X2 cannot be found in library.
Warning : Physical cell not defined in library. [PHYS-279]
        : The physical (LEF) cell DFF4RX1 cannot be found in library.
Warning : Physical cell not defined in library. [PHYS-279]
        : The physical (LEF) cell DFF4RX2 cannot be found in library.
Warning : Physical cell not defined in library. [PHYS-279]
        : The physical (LEF) cell DFF4X1 cannot be found in library.
Warning : Physical cell not defined in library. [PHYS-279]
        : The physical (LEF) cell DFF4X2 cannot be found in library.
Warning : Physical cell not defined in library. [PHYS-279]
        : The physical (LEF) cell FILL1 cannot be found in library.
Warning : Physical cell not defined in library. [PHYS-279]
        : The physical (LEF) cell FILL16 cannot be found in library.
Warning : Physical cell not defined in library. [PHYS-279]
        : The physical (LEF) cell FILL2 cannot be found in library.
Warning : Physical cell not defined in library. [PHYS-279]
        : The physical (LEF) cell FILL32 cannot be found in library.
Warning : Physical cell not defined in library. [PHYS-279]
        : The physical (LEF) cell FILL4 cannot be found in library.
Warning : Physical cell not defined in library. [PHYS-279]
        : The physical (LEF) cell FILL64 cannot be found in library.
Warning : Physical cell not defined in library. [PHYS-279]
        : The physical (LEF) cell FILL8 cannot be found in library.
Warning : Physical cell not defined in library. [PHYS-279]
        : The physical (LEF) cell FSWNX1 cannot be found in library.
Warning : Physical cell not defined in library. [PHYS-279]
        : The physical (LEF) cell FSWX1 cannot be found in library.
Warning : Physical cell not defined in library. [PHYS-279]
        : The physical (LEF) cell HSWDNX1 cannot be found in library.
Warning : Physical cell not defined in library. [PHYS-279]
        : The physical (LEF) cell HSWDX1 cannot be found in library.
Warning : Physical cell not defined in library. [PHYS-279]
        : The physical (LEF) cell HSWNX1 cannot be found in library.
Warning : Maximum message print count reached. [MESG-11]
        : Maximum print count of '20' reached for message 'PHYS-279'.
  Setting attribute of root '/': 'lef_library' = /home/tools/design_kits/cadence/GPDK045/gsclib045_svt_v4.4/gsclib045/lef/gsclib045_tech.lef /home/tools/design_kits/cadence/GPDK045/gsclib045_svt_v4.4/gsclib045/lef/gsclib045_macro.lef
@file(tech.tcl) 52: set_db qrc_tech_file ${QRC_LIST}

  According to qrc_tech_file, there are total 11 routing layers [ V(5) / H(6) ]

  Setting attribute of root '/': 'qrc_tech_file' = /home/tools/design_kits/cadence/GPDK045/gpdk045_v_6_0/qrc/rcworst/qrcTechFile
@file(tech.tcl) 56: get_db interconnect_mode
@file(tech.tcl) 57: set_db interconnect_mode ple ;# global
  Setting attribute of root '/': 'interconnect_mode' = ple
@file(tech.tcl) 67: get_lib_cells
@file(tech.tcl) 68: get_db lib_cells *SDFF*
@file(tech.tcl) 69: get_db base_cell:SDFFRHQX1 .dont_use
@file(tech.tcl) 70: set_db base_cell:SDFFRHQX1 .dont_use true
  Setting attribute of base_cell 'SDFFRHQX1': 'dont_use' = true
@file(tech.tcl) 71: foreach lc [get_db base_cells -if {.name == "SDFF*"}] {
  get_db $lc .dont_use
  set_db $lc .dont_use true
}
  Setting attribute of base_cell 'SDFFHQX1': 'dont_use' = true
  Setting attribute of base_cell 'SDFFHQX2': 'dont_use' = true
  Setting attribute of base_cell 'SDFFHQX4': 'dont_use' = true
  Setting attribute of base_cell 'SDFFHQX8': 'dont_use' = true
  Setting attribute of base_cell 'SDFFNSRX1': 'dont_use' = true
  Setting attribute of base_cell 'SDFFNSRX2': 'dont_use' = true
  Setting attribute of base_cell 'SDFFNSRX4': 'dont_use' = true
  Setting attribute of base_cell 'SDFFNSRXL': 'dont_use' = true
  Setting attribute of base_cell 'SDFFQX1': 'dont_use' = true
  Setting attribute of base_cell 'SDFFQX2': 'dont_use' = true
  Setting attribute of base_cell 'SDFFQX4': 'dont_use' = true
  Setting attribute of base_cell 'SDFFQXL': 'dont_use' = true
  Setting attribute of base_cell 'SDFFRHQX1': 'dont_use' = true
  Setting attribute of base_cell 'SDFFRHQX2': 'dont_use' = true
  Setting attribute of base_cell 'SDFFRHQX4': 'dont_use' = true
  Setting attribute of base_cell 'SDFFRHQX8': 'dont_use' = true
  Setting attribute of base_cell 'SDFFRX1': 'dont_use' = true
  Setting attribute of base_cell 'SDFFRX2': 'dont_use' = true
  Setting attribute of base_cell 'SDFFRX4': 'dont_use' = true
  Setting attribute of base_cell 'SDFFRXL': 'dont_use' = true
  Setting attribute of base_cell 'SDFFSHQX1': 'dont_use' = true
  Setting attribute of base_cell 'SDFFSHQX2': 'dont_use' = true
  Setting attribute of base_cell 'SDFFSHQX4': 'dont_use' = true
  Setting attribute of base_cell 'SDFFSHQX8': 'dont_use' = true
  Setting attribute of base_cell 'SDFFSRHQX1': 'dont_use' = true
  Setting attribute of base_cell 'SDFFSRHQX2': 'dont_use' = true
  Setting attribute of base_cell 'SDFFSRHQX4': 'dont_use' = true
  Setting attribute of base_cell 'SDFFSRHQX8': 'dont_use' = true
  Setting attribute of base_cell 'SDFFSRX1': 'dont_use' = true
  Setting attribute of base_cell 'SDFFSRX2': 'dont_use' = true
  Setting attribute of base_cell 'SDFFSRX4': 'dont_use' = true
  Setting attribute of base_cell 'SDFFSRXL': 'dont_use' = true
  Setting attribute of base_cell 'SDFFSX1': 'dont_use' = true
  Setting attribute of base_cell 'SDFFSX2': 'dont_use' = true
  Setting attribute of base_cell 'SDFFSX4': 'dont_use' = true
  Setting attribute of base_cell 'SDFFSXL': 'dont_use' = true
  Setting attribute of base_cell 'SDFFTRX1': 'dont_use' = true
  Setting attribute of base_cell 'SDFFTRX2': 'dont_use' = true
  Setting attribute of base_cell 'SDFFTRX4': 'dont_use' = true
  Setting attribute of base_cell 'SDFFTRXL': 'dont_use' = true
  Setting attribute of base_cell 'SDFFX1': 'dont_use' = true
  Setting attribute of base_cell 'SDFFX2': 'dont_use' = true
  Setting attribute of base_cell 'SDFFX4': 'dont_use' = true
  Setting attribute of base_cell 'SDFFXL': 'dont_use' = true
  Setting attribute of base_cell 'SDFF2RX1': 'dont_use' = true
  Setting attribute of base_cell 'SDFF2RX2': 'dont_use' = true
  Setting attribute of base_cell 'SDFF4RX1': 'dont_use' = true
  Setting attribute of base_cell 'SDFF4RX2': 'dont_use' = true
@file(tech.tcl) 77: foreach lc [get_db base_cells -if {.name == "TLATS*"}] {
  get_db $lc .dont_use
  set_db $lc .dont_use true
}
  Setting attribute of base_cell 'TLATSRX1': 'dont_use' = true
  Setting attribute of base_cell 'TLATSRX2': 'dont_use' = true
  Setting attribute of base_cell 'TLATSRX4': 'dont_use' = true
  Setting attribute of base_cell 'TLATSRXL': 'dont_use' = true
@file(tech.tcl) 88: get_db [get_db library_sets *worst] .libraries
@file(tech.tcl) 89: get_db [get_db library_sets *best] .libraries
@file(tech.tcl) 91: get_db [get_db library_sets *worst] .libraries.lib_cells
@file(tech.tcl) 92: get_db [get_db library_sets *best] .libraries.lib_cells
@file(tech.tcl) 94: get_db [get_db [get_db library_sets *worst] .libraries *slow_vdd1v0] .lib_cells
@file(tech.tcl) 95: get_db [get_db [get_db library_sets *best] .libraries *fast_vdd1v2] .lib_cells 
@file(tech.tcl) 97: get_db [get_db library_sets *worst] .libraries.lib_cells -regexp XOR
@file(tech.tcl) 98: get_db [get_db library_sets *best] .libraries.lib_cells -regexp XOR
@file(tech.tcl) 100: get_db [get_db [get_db library_sets *worst] .libraries.lib_cells -regexp CLKXOR2X1] .*
Object: lib_cell:ls_of_ld_worst/slow_vdd1v0/CLKXOR2X1
  area:                  2.736
  area_multiplier:       1.0
  async_clear_pins:      {}
  async_preset_pins:     {}
  avoid:                 false
  backup_power_pins:     {}
  base_cell:             base_cell:CLKXOR2X1
  base_name:             CLKXOR2X1
  bbox:                  {0.0 0.0 1.6 1.71}
  bit_width:             1
  bottom_padding:        0
  cell_delay_multiplier:  1.0
  cell_min_delay_multiplier:  1.0
  clock_gating_integrated_cell:  {}
  clock_pins:            {}
  combinational:         true
  congestion_avoid:      false
  constraint_multiplier:  1.0
  data_pins:             {}
  dont_touch:            false
  dont_use:              false
  escaped_name:          ls_of_ld_worst/slow_vdd1v0/CLKXOR2X1
  failure_probability:   0.0
  has_lvf:               false
  has_non_seq_setup_arc:  false
  internal_power:        no_value
  is_always_on:          false
  is_black_box:          false
  is_buffer:             false
  is_clock_isolation_cell:  false
  is_combinational:      true
  is_dummy_scmr_iw_cell:  false
  is_eeq_cell:           false
  is_fall_edge_triggered:  false
  is_fixed_mask:         false
  is_flop:               false
  is_inferred_macro:     false
  is_integrated_clock_gating:  false
  is_interface_timing:   false
  is_inverter:           false
  is_isolation_cell:     false
  is_latch:              false
  is_level_shifter:      false
  is_macro:              false
  is_master_eeq_cell:    false
  is_master_slave_flop:  false
  is_master_slave_lssd_flop:  false
  is_memory:             false
  is_negative_level_sensitive:  false
  is_pad:                false
  is_pll:                false
  is_positive_level_sensitive:  false
  is_power_switch:       false
  is_retention:          false
  is_rise_edge_triggered:  false
  is_sequential:         false
  is_timing_model:       false
  is_tristate:           false
  is_usable:             true
  keep_as_physical:      false
  latch_enable:          {}
  latch_enable_pins:     {}
  leakage_power:         0.0
  leakage_scale_factor:  1.0
  lef_inconsistent:      false
  left_padding:          0
  level_shifter_direction:  {}
  level_shifter_type:    {}
  level_shifter_valid_location:  {}
  lib_arcs:              NC
  lib_pins:              NC
  liberty_attributes:    area 2.736 
  library:               library:ls_of_ld_worst/slow_vdd1v0
  master_physical_variant_cell:  {}
  max_ground_input_voltage:  0.0
  max_ground_output_voltage:  0.0
  max_input_voltage:     0.0
  max_output_voltage:    0.0
  min_ground_input_voltage:  0.0
  min_ground_output_voltage:  0.0
  min_input_voltage:     0.0
  min_output_voltage:    0.0
  mode_definition:       NC
  name:                  ls_of_ld_worst/slow_vdd1v0/CLKXOR2X1
  obj_type:              lib_cell
  pg_lib_pins:           NC
  physical_variant_cells:  {}
  power_gating_cell_type:  {}
  preserve:              false
  preserve_avoid:        false
  primary_power:         {}
  required_condition:    {}
  right_padding:         0
  scan_enable_pins:      {}
  scan_in_pins:          {}
  scan_out:              {}
  scan_out_pins:         {}
  seq_functions:         NC
  sequential:            false
  short:                 {}
  std_cell_main_rail_pin:  pg_lib_pin:ls_of_ld_worst/slow_vdd1v0/CLKXOR2X1/VDD
  switch_off_enables:    {}
  switched_power:        {}
  symmetry:              xy
  sync_clear_pins:       {}
  sync_enable_pins:      {}
  sync_preset_pins:      {}
  timing_model_reason:   {}
  timing_model_type:     {}
  top_padding:           0
  tristate:              false
  type_changed_pin_names:  {}
  unusable_reason:       {}
  usable_flop:           false
  usable_latch:          false
#@ End verbose source /home/ufsm00291/ufsm00291-bruning2023520081/projetos/multiplier32FP/backend/synthesis/scripts/common/tech.tcl
@file(multiplier32FP.tcl) 31: set_db init_hdl_search_path "${DEV_DIR} ${FRONTEND_DIR}"
  Setting attribute of root '/': 'init_hdl_search_path' = /home/ufsm00291/ufsm00291-bruning2023520081/projetos/multiplier32FP/backend/synthesis/deliverables /home/ufsm00291/ufsm00291-bruning2023520081/projetos/multiplier32FP/frontend {}
@file(multiplier32FP.tcl) 32: read_hdl -language v2001 $RTL_FILES
@file(multiplier32FP.tcl) 37: elaborate ${HDL_NAME}
Info    : Elaborating Design. [ELAB-1]
        : Elaborating top-level block 'multiplier32FP' from file '/home/ufsm00291/ufsm00291-bruning2023520081/projetos/multiplier32FP/backend/synthesis/deliverables/multiplier32FP.v'.
Info    : Done Elaborating Design. [ELAB-3]
        : Done elaborating 'multiplier32FP'.
Checking for analog nets...
Check completed for analog nets.
Checking for source RTL...
Check completed for source RTL.
Running Unified Mux Engine Tricks...
Completed Unified Mux Engine Tricks

Stage: post_elab
-------------------------------------------------------
| Trick             | Accepts | Rejects | Runtime (s) | 
-------------------------------------------------------
| ume_constant_bmux |       0 |       0 |        0.00 | 
-------------------------------------------------------
Starting clip mux common data inputs [v1.0] (stage: post_elab, startdef: multiplier32FP, recur: true)
Completed clip mux common data inputs (accepts: 0, rejects: 0, runtime: 0.001s)
Starting clip the non-user hierarchies [v2.0] (stage: post_elab, startdef: multiplier32FP, recur: true)
Completed clip the non-user hierarchies (accepts: 0, rejects: 0, runtime: 0.000s)

Stage: post_elab
--------------------------------------------------------
| Transform          | Accepts | Rejects | Runtime (s) | 
--------------------------------------------------------
| hlo_clip_mux_input |       0 |       0 |        0.00 | 
| hlo_clip           |       0 |       0 |        0.00 | 
--------------------------------------------------------
UM:   flow.cputime  flow.realtime  timing.setup.tns  timing.setup.wns  snapshot
UM:*                                                                   elaborate
@file(multiplier32FP.tcl) 38: set_top_module ${HDL_NAME}
@file(multiplier32FP.tcl) 39: check_design -unresolved ${HDL_NAME}


 	 Check Design Report (c)
	 ------------------- 

  Unresolved References & Empty Modules
  ------------------------------------- 
No unresolved references in design 'multiplier32FP'

No empty modules in design 'multiplier32FP'

  Done Checking the design.
@file(multiplier32FP.tcl) 40: get_db current_design
@file(multiplier32FP.tcl) 41: check_library
============================================================
  Generated by:           Genus(TM) Synthesis Solution 21.19-s055_1
  Generated on:           Jun 10 2026  06:23:57 pm
  Module:                 multiplier32FP
  Library domain:         worst
    Domain index:         0
    Technology library:   slow_vdd1v0 1.0
  Library domain:         best
    Domain index:         1
    Technology library:   fast_vdd1v2 1.0
  Operating conditions:   PVT_0P9V_125C 
  Operating conditions:   PVT_1P32V_0C 
  Interconnect mode:      global
  Area mode:              physical library
============================================================

                                                                              
==============================================================================
Library Domain   Total cells   LS cell   ISO cell   Combo (LS+ISO)   SR Flops 
------------------------------------------------------------------------------
best(1.32)       426           0         0          0                0        
worst(0.9)       426           0         0          0                0        
------------------------------------------------------------------------------

Unusable libcells
=================
                                                                              
==============================================================================
Library Domain   Total cells   LS cell   ISO cell   Combo (LS+ISO)   SR Flops 
------------------------------------------------------------------------------
best(1.32)       157           0         0          0                0        
worst(0.9)       157           0         0          0                0        
------------------------------------------------------------------------------
@file(multiplier32FP.tcl) 46: read_sdc ${BACKEND_DIR}/synthesis/constraints/${HDL_NAME}.sdc
Statistics for commands executed by read_sdc:
 "all_inputs"               - successful      5 , failed      0 (runtime  0.01)
 "all_outputs"              - successful      2 , failed      0 (runtime  0.00)
 "create_clock"             - successful      1 , failed      0 (runtime  0.01)
 "current_design"           - successful      1 , failed      0 (runtime  0.01)
 "get_clocks"               - successful      4 , failed      0 (runtime  0.00)
 "get_nets"                 - successful      2 , failed      0 (runtime  0.00)
 "get_ports"                - successful      7 , failed      0 (runtime  0.01)
 "remove_from_collection"   - successful      5 , failed      0 (runtime  0.00)
 "set_clock_latency"        - successful      1 , failed      0 (runtime  0.01)
 "set_clock_uncertainty"    - successful      1 , failed      0 (runtime  0.01)
 "set_ideal_net"            - successful      2 , failed      0 (runtime  0.01)
 "set_input_delay"          - successful      1 , failed      0 (runtime  0.01)
 "set_input_transition"     - successful      4 , failed      0 (runtime  0.07)
 "set_load"                 - successful      1 , failed      0 (runtime  0.01)
 "set_output_delay"         - successful      1 , failed      0 (runtime  0.00)
read_sdc completed in 00:00:01 (hh:mm:ss)
@file(multiplier32FP.tcl) 47: report timing -lint
============================================================
  Generated by:           Genus(TM) Synthesis Solution 21.19-s055_1
  Generated on:           Jun 10 2026  06:23:58 pm
  Module:                 multiplier32FP
  Library domain:         worst
    Domain index:         0
    Technology library:   slow_vdd1v0 1.0
  Library domain:         best
    Domain index:         1
    Technology library:   fast_vdd1v2 1.0
  Operating conditions:   PVT_0P9V_125C 
  Operating conditions:   PVT_1P32V_0C 
  Interconnect mode:      global
  Area mode:              physical library
============================================================


Lint summary
 Unconnected/logic driven clocks                                  0
 Sequential data pins driven by a clock signal                    0
 Sequential clock pins without clock waveform                     0
 Sequential clock pins with multiple clock waveforms              0
 Generated clocks without clock waveform                          0
 Generated clocks with incompatible options                       0
 Generated clocks with multi-master clock                         0
 Paths constrained with different clocks                          0
 Loop-breaking cells for combinational feedback                   0
 Nets with multiple drivers                                       0
 Timing exceptions with no effect                                 0
 Suspicious multi_cycle exceptions                                0
 Pins/ports with conflicting case constants                       0
 Inputs without clocked external delays                           0
 Outputs without clocked external delays                          0
 Inputs without external driver/transition                        0
 Outputs without external load                                    0
 Exceptions with invalid timing start-/endpoints                  0

                                                  Total:          0
@file(multiplier32FP.tcl) 53: set_db auto_ungroup none ;# (none|both) ungrouping will not be performed
  Setting attribute of root '/': 'auto_ungroup' = none
@file(multiplier32FP.tcl) 58: syn_generic ${HDL_NAME} 

Stage: pre_early_cg
-----------------------------------------------
| Transform | Accepts | Rejects | Runtime (s) | 
-----------------------------------------------
-----------------------------------------------
##Generic Timing Info for library domain: worst typical gate delay: 152.5 ps std_slew: 18.2 ps std_load: 1.0 fF
Starting mux data reorder optimization [v1.0] (stage: pre_to_gen_setup, startdef: multiplier32FP, recur: true)
Completed mux data reorder optimization (accepts: 0, rejects: 0, runtime: 0.000s)

Stage: pre_to_gen_setup
-----------------------------------------------------
| Transform       | Accepts | Rejects | Runtime (s) | 
-----------------------------------------------------
| hlo_mux_reorder |       0 |       0 |        0.00 | 
-----------------------------------------------------
Current PLE settings:

Aspect ratio        : 1.000
Shrink factor       : 1.000
Scale of res/length : 1.000
Scale of cap/length : 1.000
Net derating factor : 1.000
Thermal factor      : 1.324
Via Resistance      : 0.600 ohm (from qrc_tech_file)
Site size           : 1.910 um (from lef [tech+cell])

                                    Capacitance  
   Layer                             / Length         Data source:
 Name        Direction Utilization  (pF/micron)       qrc_tech_file
-------------------------------------------------
metal1_conn      H         0.00        0.000367  
metal2_conn      V         1.00        0.000317  
metal3_conn      H         1.00        0.000315  
metal4_conn      V         1.00        0.000317  
metal5_conn      H         1.00        0.000317  
metal6_conn      V         1.00        0.000318  
metal7_conn      H         1.00        0.000318  
metal8_conn      V         1.00        0.000315  
metal9_conn      H         1.00        0.001755  
metal10_conn     V         1.00        0.000854  
metal11_conn     H         1.00        0.000739  

                                     Resistance   
   Layer                              / Length         Data source:
 Name        Direction Utilization  (ohm/micron)       qrc_tech_file
--------------------------------------------------
metal1_conn      H         0.00         1.900028  
metal2_conn      V         1.00         1.183743  
metal3_conn      H         1.00         1.183743  
metal4_conn      V         1.00         1.183743  
metal5_conn      H         1.00         1.183743  
metal6_conn      V         1.00         1.183743  
metal7_conn      H         1.00         1.183743  
metal8_conn      V         1.00         0.432387  
metal9_conn      H         1.00         0.432387  
metal10_conn     V         1.00         0.157232  
metal11_conn     H         1.00         0.158932  

                                         Area     
   Layer                               / Length        Data source:
 Name        Direction Utilization     (micron)        lef_library
--------------------------------------------------
Metal1           H         0.00         0.060000  
Metal2           V         1.00         0.080000  
Metal3           H         1.00         0.080000  
Metal4           V         1.00         0.080000  
Metal5           H         1.00         0.080000  
Metal6           V         1.00         0.080000  
Metal7           H         1.00         0.080000  
Metal8           V         1.00         0.080000  
Metal9           H         1.00         0.080000  
Metal10          V         1.00         0.220000  
Metal11          H         1.00         0.220000  

Info    : Unmapping. [SYNTH-10]
        : Unmapping 'multiplier32FP'.
Info    : Done unmapping. [SYNTH-11]
        : Done unmapping 'multiplier32FP'.
Info    : Synthesizing. [SYNTH-1]
        : Synthesizing 'multiplier32FP' to generic gates using 'medium' effort.
Running Synthesis Turbo Flow Version 1.
PBS_Generic-Start - Elapsed_Time 0, CPU_Time 0.0
stamp 'PBS_Generic-Start' being created for table 'pbs_debug'

  Total Time (Wall) |  Stage Time (Wall)  |   % (Wall)   |    Date - Time     |  Memory   | Stage
--------------------+---------------------+--------------+--------------------+-----------+----------------------
 00:00:28(00:00:21) |  00:00:00(00:00:00) |   0.0(  0.0) |   18:24:01 (Jun10) |  405.8 MB | PBS_Generic-Start
--------------------+---------------------+--------------+--------------------+-----------+----------------------
Number of threads: 8 * 1   (id: pbs_debug, time_info v1.57)
Info: (*N*) indicates data that was populated from previously saved time_info database
Info: CPU time includes time of parent + longest thread
TNS Restructuring config: no_value at stage: generic applied.
Info    : Partition Based Synthesis execution skipped. [PHYS-752]
        : Design size is less than the partition size '100000' for distributed generic optimization to kick in.
Starting mux data reorder optimization [v1.0] (stage: pre_to_gen_setup, startdef: multiplier32FP, recur: true)
Completed mux data reorder optimization (accepts: 0, rejects: 0, runtime: 0.004s)

Stage: pre_to_gen_setup
-----------------------------------------------------
| Transform       | Accepts | Rejects | Runtime (s) | 
-----------------------------------------------------
| hlo_mux_reorder |       0 |       0 |        0.00 | 
-----------------------------------------------------
Starting mux data reorder optimization [v1.0] (stage: post_to_gen_setup, startdef: multiplier32FP, recur: true)
Completed mux data reorder optimization (accepts: 0, rejects: 0, runtime: 0.001s)

Stage: post_to_gen_setup
-----------------------------------------------------
| Transform       | Accepts | Rejects | Runtime (s) | 
-----------------------------------------------------
| hlo_mux_reorder |       0 |       0 |        0.00 | 
-----------------------------------------------------
Current PLE settings:

Aspect ratio        : 1.000
Shrink factor       : 1.000
Scale of res/length : 1.000
Scale of cap/length : 1.000
Net derating factor : 1.000
Thermal factor      : 1.324
Via Resistance      : 0.600 ohm (from qrc_tech_file)
Site size           : 1.910 um (from lef [tech+cell])

                                    Capacitance  
   Layer                             / Length         Data source:
 Name        Direction Utilization  (pF/micron)       qrc_tech_file
-------------------------------------------------
metal1_conn      H         0.00        0.000367  
metal2_conn      V         1.00        0.000317  
metal3_conn      H         1.00        0.000315  
metal4_conn      V         1.00        0.000317  
metal5_conn      H         1.00        0.000317  
metal6_conn      V         1.00        0.000318  
metal7_conn      H         1.00        0.000318  
metal8_conn      V         1.00        0.000315  
metal9_conn      H         1.00        0.001755  
metal10_conn     V         1.00        0.000854  
metal11_conn     H         1.00        0.000739  

                                     Resistance   
   Layer                              / Length         Data source:
 Name        Direction Utilization  (ohm/micron)       qrc_tech_file
--------------------------------------------------
metal1_conn      H         0.00         1.900028  
metal2_conn      V         1.00         1.183743  
metal3_conn      H         1.00         1.183743  
metal4_conn      V         1.00         1.183743  
metal5_conn      H         1.00         1.183743  
metal6_conn      V         1.00         1.183743  
metal7_conn      H         1.00         1.183743  
metal8_conn      V         1.00         0.432387  
metal9_conn      H         1.00         0.432387  
metal10_conn     V         1.00         0.157232  
metal11_conn     H         1.00         0.158932  

                                         Area     
   Layer                               / Length        Data source:
 Name        Direction Utilization     (micron)        lef_library
--------------------------------------------------
Metal1           H         0.00         0.060000  
Metal2           V         1.00         0.080000  
Metal3           H         1.00         0.080000  
Metal4           V         1.00         0.080000  
Metal5           H         1.00         0.080000  
Metal6           V         1.00         0.080000  
Metal7           H         1.00         0.080000  
Metal8           V         1.00         0.080000  
Metal9           H         1.00         0.080000  
Metal10          V         1.00         0.220000  
Metal11          H         1.00         0.220000  

Running Unified Mux Engine Tricks...
Completed Unified Mux Engine Tricks

Stage: pre_hlo_rtlopt
-------------------------------------------
| Trick | Accepts | Rejects | Runtime (s) | 
-------------------------------------------
-------------------------------------------
Starting infer macro optimization [v1.0] (stage: pre_rtlopt, startdef: multiplier32FP, recur: true)
Completed infer macro optimization (accepts: 0, rejects: 0, runtime: 0.011s)
Starting decode mux sandwich optimization [v2.0] (stage: pre_rtlopt, startdef: multiplier32FP, recur: true)
Completed decode mux sandwich optimization (accepts: 0, rejects: 0, runtime: 0.001s)
Starting decode mux optimization [v1.0] (stage: pre_rtlopt, startdef: multiplier32FP, recur: true)
Completed decode mux optimization (accepts: 0, rejects: 0, runtime: 0.000s)
Starting chop wide muxes [v1.0] (stage: pre_rtlopt, startdef: multiplier32FP, recur: true)
Completed chop wide muxes (accepts: 0, rejects: 0, runtime: 0.001s)
Starting common data mux cascade opt [v1.0] (stage: pre_rtlopt, startdef: multiplier32FP, recur: true)
Completed common data mux cascade opt (accepts: 0, rejects: 0, runtime: 0.000s)
Starting mux input consolidation [v1.0] (stage: pre_rtlopt, startdef: multiplier32FP, recur: true)
Completed mux input consolidation (accepts: 0, rejects: 0, runtime: 0.002s)
Starting constant-data mux optimization [v1.0] (stage: pre_rtlopt, startdef: multiplier32FP, recur: true)
Completed constant-data mux optimization (accepts: 0, rejects: 0, runtime: 0.001s)
Starting chain-to-tree inequality transform [v2.0] (stage: pre_rtlopt, startdef: multiplier32FP, recur: true)
Completed chain-to-tree inequality transform (accepts: 0, rejects: 0, runtime: 0.114s)
Starting reconvergence optimization [v1.0] (stage: pre_rtlopt, startdef: multiplier32FP, recur: true)
Completed reconvergence optimization (accepts: 0, rejects: 0, runtime: 0.005s)
Starting logic restructure optimization [v1.0] (stage: pre_rtlopt, startdef: multiplier32FP, recur: true)
Completed logic restructure optimization (accepts: 0, rejects: 0, runtime: 0.003s)
Starting common select mux optimization [v1.0] (stage: pre_rtlopt, startdef: multiplier32FP, recur: true)
Completed common select mux optimization (accepts: 0, rejects: 0, runtime: 0.000s)
Starting identity transform [v3.0] (stage: pre_rtlopt, startdef: multiplier32FP, recur: true)
Completed identity transform (accepts: 0, rejects: 0, runtime: 0.000s)
Starting reduce operator chain [v1.0] (stage: pre_rtlopt, startdef: multiplier32FP, recur: true)
Completed reduce operator chain (accepts: 0, rejects: 0, runtime: 0.001s)
Starting common data mux cascade opt [v1.0] (stage: pre_rtlopt, startdef: multiplier32FP, recur: true)
Completed common data mux cascade opt (accepts: 0, rejects: 0, runtime: 0.000s)
Starting mux input consolidation [v1.0] (stage: pre_rtlopt, startdef: multiplier32FP, recur: true)
Completed mux input consolidation (accepts: 0, rejects: 0, runtime: 0.001s)
Starting optimize datapath elements [v1.0] (stage: pre_rtlopt, startdef: multiplier32FP, recur: true)
Completed optimize datapath elements (accepts: 0, rejects: 0, runtime: 0.000s)
Starting datapath recasting [v1.0] (stage: pre_rtlopt, startdef: multiplier32FP, recur: true)
Completed datapath recasting (accepts: 0, rejects: 0, runtime: 0.001s)
Starting clip mux common data inputs [v1.0] (stage: pre_rtlopt, startdef: multiplier32FP, recur: true)
Completed clip mux common data inputs (accepts: 0, rejects: 0, runtime: 0.000s)
Starting clip the non-user hierarchies [v2.0] (stage: pre_rtlopt, startdef: multiplier32FP, recur: true)
Completed clip the non-user hierarchies (accepts: 0, rejects: 0, runtime: 0.000s)

Stage: pre_rtlopt
---------------------------------------------------------------
| Transform                 | Accepts | Rejects | Runtime (s) | 
---------------------------------------------------------------
| hlo_infer_macro           |       0 |       0 |        0.01 | 
| hlo_decode_mux_sandwich   |       0 |       0 |        0.00 | 
| hlo_mux_decode            |       0 |       0 |        0.00 | 
| hlo_chop_mux              |       0 |       0 |        0.00 | 
| hlo_mux_cascade_opt       |       0 |       0 |        0.00 | 
| hlo_mux_consolidation     |       0 |       0 |        0.00 | 
| hlo_constant_mux_opt      |       0 |       0 |        0.00 | 
| hlo_inequality_transform  |       0 |       0 |        0.11 | 
| hlo_reconv_opt            |       0 |       0 |        0.00 | 
| hlo_restructure           |       0 |       0 |        0.00 | 
| hlo_common_select_muxopto |       0 |       0 |        0.00 | 
| hlo_identity_transform    |       0 |       0 |        0.00 | 
| hlo_reduce_operator_chain |       0 |       0 |        0.00 | 
| hlo_mux_cascade_opt       |       0 |       0 |        0.00 | 
| hlo_mux_consolidation     |       0 |       0 |        0.00 | 
| hlo_optimize_datapath     |       0 |       0 |        0.00 | 
| hlo_datapath_recast       |       0 |       0 |        0.00 | 
| hlo_clip_mux_input        |       0 |       0 |        0.00 | 
| hlo_clip                  |       0 |       0 |        0.00 | 
---------------------------------------------------------------
Running Unified Mux Engine Tricks...
Completed Unified Mux Engine Tricks

Stage: post_hlo_rtlopt
-------------------------------------------------
| Trick       | Accepts | Rejects | Runtime (s) | 
-------------------------------------------------
| ume_runtime |       0 |       0 |        0.00 | 
-------------------------------------------------
Number of big hc bmuxes before = 0
Info    : Pre-processed datapath logic. [DPOPT-6]
        : No pre-processing optimizations applied to datapath logic in 'multiplier32FP'.
Info    : Skipping datapath optimization. [DPOPT-5]
        : There is no datapath logic in 'multiplier32FP'.
Number of big hc bmuxes after = 0
Starting logic reduction [v1.0] (stage: post_rtlopt, startdef: multiplier32FP, recur: true)
Completed logic reduction (accepts: 0, rejects: 0, runtime: 0.000s)
Starting mux data reorder optimization [v1.0] (stage: post_rtlopt, startdef: multiplier32FP, recur: true)
Completed mux data reorder optimization (accepts: 0, rejects: 0, runtime: 0.001s)

Stage: post_rtlopt
---------------------------------------------------------
| Transform           | Accepts | Rejects | Runtime (s) | 
---------------------------------------------------------
| hlo_logic_reduction |       0 |       0 |        0.00 | 
| hlo_mux_reorder     |       0 |       0 |        0.00 | 
---------------------------------------------------------
Starting mux speculation [v1.0] (stage: post_muxopt, startdef: multiplier32FP, recur: true)
Starting speculation optimization
Completed speculation optimization (accepts:0)
Completed mux speculation (accepts: 0, rejects: 0, runtime: 0.364s)

Stage: post_muxopt
-----------------------------------------------------
| Transform       | Accepts | Rejects | Runtime (s) | 
-----------------------------------------------------
| hlo_speculation |       0 |       0 |        0.36 | 
-----------------------------------------------------
==================================
Stage : to_generic 
==================================
  =================
   Message Summary
  =================
-------------------------------------------------------------------------------------------------------------------------------------------------
|    Id    |  Sev   |Count |                                                   Message Text                                                     |
-------------------------------------------------------------------------------------------------------------------------------------------------
| DPOPT-5  |Info    |    1 |Skipping datapath optimization.                                                                                     |
| DPOPT-6  |Info    |    1 |Pre-processed datapath logic.                                                                                       |
| ELAB-1   |Info    |    1 |Elaborating Design.                                                                                                 |
| ELAB-3   |Info    |    1 |Done Elaborating Design.                                                                                            |
| LBR-9    |Warning |   40 |Library cell has no output pins defined.                                                                            |
|          |        |      |Add the missing output pin(s)                                                                                       |
|          |        |      | , then reload the library. Else the library cell will be marked as timing model i.e. unusable. Timing_model means  |
|          |        |      | that the cell does not have any defined function. If there is no output pin, Genus will mark library cell as       |
|          |        |      | unusable i.e. the attribute 'usable' will be marked to 'false' on the libcell. Therefore, the cell is not used for |
|          |        |      | mapping and it will not be picked up from the library for synthesis. If you query the attribute 'unusable_reason'  |
|          |        |      | on the libcell; result will be: 'Library cell has no output pins.'Note: The message LBR-9 is only for the logical  |
|          |        |      | pins and not for the power_ground pins. Genus will depend upon the output function defined in the pin group        |
|          |        |      | (output pin) of the cell, to use it for mapping. The pg_pin will not have any function defined.                    |
| LBR-41   |Info    |    2 |An output library pin lacks a function attribute.                                                                   |
|          |        |      |If the remainder of this library cell's semantic checks are successful, it will be considered as a timing-model     |
|          |        |      | (because one of its outputs does not have a valid function.                                                        |
| LBR-109  |Info    |    1 |Set default library domain.                                                                                         |
| LBR-155  |Info    | 2112 |Mismatch in unateness between 'timing_sense' attribute and the function.                                            |
|          |        |      |The 'timing_sense' attribute will be respected.                                                                     |
| LBR-161  |Info    |    1 |Setting the maximum print count of this message to 10 if information_level is less than 9.                          |
| LBR-162  |Info    |  248 |Both 'pos_unate' and 'neg_unate' timing_sense arcs have been processed.                                             |
|          |        |      |Setting the 'timing_sense' to non_unate.                                                                            |
| LBR-412  |Info    |    2 |Created nominal operating condition.                                                                                |
|          |        |      |The nominal operating condition is represented, either by the nominal PVT values specified in the library source    |
|          |        |      | (via nom_process,nom_voltage and nom_temperature respectively), or by the default PVT values (1.0,1.0,1.0).        |
| LBR-518  |Info    |    2 |Missing a function attribute in the output pin definition.                                                          |
| PHYS-129 |Info    |  119 |Via with no resistance will have a value of '0.0' assigned for resistance value.                                    |
|          |        |      |If this is the expected behavior, this message can be ignored.                                                      |
| PHYS-279 |Warning |  188 |Physical cell not defined in library.                                                                               |
|          |        |      |Ensure that the proper library files are available and have been imported.                                          |
| PHYS-752 |Info    |    1 |Partition Based Synthesis execution skipped.                                                                        |
| SYNTH-1  |Info    |    1 |Synthesizing.                                                                                                       |
| SYNTH-10 |Info    |    1 |Unmapping.                                                                                                          |
| SYNTH-11 |Info    |    1 |Done unmapping.                                                                                                     |
| TIM-1000 |Info    |    1 |Multimode clock gating check is disabled.                                                                           |
| TUI-280  |Info    |    1 |An additional product license has been checked out.                                                                 |
|          |        |      |The command 'license checkin' can be used to check the license back in when it is no longer needed.                 |
-------------------------------------------------------------------------------------------------------------------------------------------------
Current PLE settings:

Aspect ratio        : 1.000
Shrink factor       : 1.000
Scale of res/length : 1.000
Scale of cap/length : 1.000
Net derating factor : 1.000
Thermal factor      : 1.324
Via Resistance      : 0.600 ohm (from qrc_tech_file)
Site size           : 1.910 um (from lef [tech+cell])

                                    Capacitance  
   Layer                             / Length         Data source:
 Name        Direction Utilization  (pF/micron)       qrc_tech_file
-------------------------------------------------
metal1_conn      H         0.00        0.000367  
metal2_conn      V         1.00        0.000317  
metal3_conn      H         1.00        0.000315  
metal4_conn      V         1.00        0.000317  
metal5_conn      H         1.00        0.000317  
metal6_conn      V         1.00        0.000318  
metal7_conn      H         1.00        0.000318  
metal8_conn      V         1.00        0.000315  
metal9_conn      H         1.00        0.001755  
metal10_conn     V         1.00        0.000854  
metal11_conn     H         1.00        0.000739  

                                     Resistance   
   Layer                              / Length         Data source:
 Name        Direction Utilization  (ohm/micron)       qrc_tech_file
--------------------------------------------------
metal1_conn      H         0.00         1.900028  
metal2_conn      V         1.00         1.183743  
metal3_conn      H         1.00         1.183743  
metal4_conn      V         1.00         1.183743  
metal5_conn      H         1.00         1.183743  
metal6_conn      V         1.00         1.183743  
metal7_conn      H         1.00         1.183743  
metal8_conn      V         1.00         0.432387  
metal9_conn      H         1.00         0.432387  
metal10_conn     V         1.00         0.157232  
metal11_conn     H         1.00         0.158932  

                                         Area     
   Layer                               / Length        Data source:
 Name        Direction Utilization     (micron)        lef_library
--------------------------------------------------
Metal1           H         0.00         0.060000  
Metal2           V         1.00         0.080000  
Metal3           H         1.00         0.080000  
Metal4           V         1.00         0.080000  
Metal5           H         1.00         0.080000  
Metal6           V         1.00         0.080000  
Metal7           H         1.00         0.080000  
Metal8           V         1.00         0.080000  
Metal9           H         1.00         0.080000  
Metal10          V         1.00         0.220000  
Metal11          H         1.00         0.220000  

Mapper: Libraries have:
	domain worst: 324 combo usable cells and 84 sequential usable cells
Multi-threaded constant propagation [1|0] ...
Multi-threaded Virtual Mapping    (8 threads per ST process, 8 of 24 CPUs usable)
 
Global mapping target info
==========================
Cost Group 'clk' target slack:   135 ps
Target path end-point (Pin: s1_man_product_reg[35]/d)


State Retention Synthesis Status
================================

Category                        Flops   Percentage
--------------------------------------------------
Total instances                    77        100.0
Excluded from State Retention      77        100.0
    - Will not convert             77        100.0
      - Preserved                   0          0.0
      - Power intent excluded      77        100.0
    - Could not convert             0          0.0
      - Scan type                   0          0.0
      - No suitable cell            0          0.0
State Retention instances           0          0.0
--------------------------------------------------

PBS_Generic_Opt-Post - Elapsed_Time 88, CPU_Time 88.24220199999999
stamp 'PBS_Generic_Opt-Post' being created for table 'pbs_debug'

  Total Time (Wall) |  Stage Time (Wall)  |   % (Wall)   |    Date - Time     |  Memory   | Stage
--------------------+---------------------+--------------+--------------------+-----------+----------------------
 00:00:28(00:00:21) |  00:00:00(00:00:00) |   0.0(  0.0) |   18:24:01 (Jun10) |  405.8 MB | PBS_Generic-Start
--------------------+---------------------+--------------+--------------------+-----------+----------------------
 00:01:57(00:01:49) |  00:01:28(00:01:28) | 100.0(100.0) |   18:25:29 (Jun10) |  786.9 MB | PBS_Generic_Opt-Post
--------------------+---------------------+--------------+--------------------+-----------+----------------------
Number of threads: 8 * 1   (id: pbs_debug, time_info v1.57)
Info: (*N*) indicates data that was populated from previously saved time_info database
Info: CPU time includes time of parent + longest thread
PBS_Generic-Postgen HBO Optimizations - Elapsed_Time 0, CPU_Time 0.0
stamp 'PBS_Generic-Postgen HBO Optimizations' being created for table 'pbs_debug'

  Total Time (Wall) |  Stage Time (Wall)  |   % (Wall)   |    Date - Time     |  Memory   | Stage
--------------------+---------------------+--------------+--------------------+-----------+----------------------
 00:00:28(00:00:21) |  00:00:00(00:00:00) |   0.0(  0.0) |   18:24:01 (Jun10) |  405.8 MB | PBS_Generic-Start
--------------------+---------------------+--------------+--------------------+-----------+----------------------
 00:01:57(00:01:49) |  00:01:28(00:01:28) | 100.0(100.0) |   18:25:29 (Jun10) |  786.9 MB | PBS_Generic_Opt-Post
--------------------+---------------------+--------------+--------------------+-----------+----------------------
 00:01:57(00:01:49) |  00:00:00(00:00:00) |   0.0(  0.0) |   18:25:29 (Jun10) |  786.9 MB | PBS_Generic-Postgen HBO Optimizations
--------------------+---------------------+--------------+--------------------+-----------+----------------------
Number of threads: 8 * 1   (id: pbs_debug, time_info v1.57)
Info: (*N*) indicates data that was populated from previously saved time_info database
Info: CPU time includes time of parent + longest thread
##>=================== Cadence Confidential (Generic-Logical) ===================
##>=================== Cadence Confidential (Generic-Logical) ===================
##>Main Thread Summary:
##>----------------------------------------------------------------------------------------
##>STEP                           Elapsed       WNS       TNS     Insts      Area    Memory
##>----------------------------------------------------------------------------------------
##>G:Initial                            2         -         -      6381     15754       482
##>G:Setup                              0         -         -         -         -         -
##>G:Launch ST                          0         -         -         -         -         -
##>G:Design Partition                   0         -         -         -         -         -
##>G:Create Partition Netlists          0         -         -         -         -         -
##>G:Init Power                         0         -         -         -         -         -
##>G:Budgeting                          0         -         -         -         -         -
##>G:Derenv-DB                          0         -         -         -         -         -
##>G:Debug Outputs                      0         -         -         -         -         -
##>G:ST loading                         0         -         -         -         -         -
##>G:Distributed                        0         -         -         -         -         -
##>G:Timer                              0         -         -         -         -         -
##>G:Assembly                           0         -         -         -         -         -
##>G:DFT                                0         -         -         -         -         -
##>G:Const Prop                         0         -         -      6121     16857       786
##>G:Misc                              88
##>----------------------------------------------------------------------------------------
##>Total Elapsed                       90
##>========================================================================================
Info    : Done synthesizing. [SYNTH-2]
        : Done synthesizing 'multiplier32FP' to generic gates.
      flow.cputime  flow.realtime  timing.setup.tns  timing.setup.wns  snapshot
UM:*                                                                   syn_gen
@file(multiplier32FP.tcl) 63: syn_map ${HDL_NAME} 
##Generic Timing Info for library domain: worst typical gate delay: 152.5 ps std_slew: 18.2 ps std_load: 1.0 fF
Current PLE settings:

Aspect ratio        : 1.000
Shrink factor       : 1.000
Scale of res/length : 1.000
Scale of cap/length : 1.000
Net derating factor : 1.000
Thermal factor      : 1.324
Via Resistance      : 0.600 ohm (from qrc_tech_file)
Site size           : 1.910 um (from lef [tech+cell])

                                    Capacitance  
   Layer                             / Length         Data source:
 Name        Direction Utilization  (pF/micron)       qrc_tech_file
-------------------------------------------------
metal1_conn      H         0.00        0.000367  
metal2_conn      V         1.00        0.000317  
metal3_conn      H         1.00        0.000315  
metal4_conn      V         1.00        0.000317  
metal5_conn      H         1.00        0.000317  
metal6_conn      V         1.00        0.000318  
metal7_conn      H         1.00        0.000318  
metal8_conn      V         1.00        0.000315  
metal9_conn      H         1.00        0.001755  
metal10_conn     V         1.00        0.000854  
metal11_conn     H         1.00        0.000739  

                                     Resistance   
   Layer                              / Length         Data source:
 Name        Direction Utilization  (ohm/micron)       qrc_tech_file
--------------------------------------------------
metal1_conn      H         0.00         1.900028  
metal2_conn      V         1.00         1.183743  
metal3_conn      H         1.00         1.183743  
metal4_conn      V         1.00         1.183743  
metal5_conn      H         1.00         1.183743  
metal6_conn      V         1.00         1.183743  
metal7_conn      H         1.00         1.183743  
metal8_conn      V         1.00         0.432387  
metal9_conn      H         1.00         0.432387  
metal10_conn     V         1.00         0.157232  
metal11_conn     H         1.00         0.158932  

                                         Area     
   Layer                               / Length        Data source:
 Name        Direction Utilization     (micron)        lef_library
--------------------------------------------------
Metal1           H         0.00         0.060000  
Metal2           V         1.00         0.080000  
Metal3           H         1.00         0.080000  
Metal4           V         1.00         0.080000  
Metal5           H         1.00         0.080000  
Metal6           V         1.00         0.080000  
Metal7           H         1.00         0.080000  
Metal8           V         1.00         0.080000  
Metal9           H         1.00         0.080000  
Metal10          V         1.00         0.220000  
Metal11          H         1.00         0.220000  

Info    : Mapping. [SYNTH-4]
        : Mapping 'multiplier32FP' using 'high' effort.
Mapper: Libraries have:
	domain worst: 324 combo usable cells and 84 sequential usable cells
Configuring mapper costing (none)
TNS Restructuring config: no_value at stage: map applied.
PBS_TechMap-Start - Elapsed_Time 0, CPU_Time 0.0
stamp 'PBS_TechMap-Start' being created for table 'pbs_debug'

  Total Time (Wall) |  Stage Time (Wall)  |   % (Wall)   |    Date - Time     |  Memory   | Stage
--------------------+---------------------+--------------+--------------------+-----------+----------------------
 00:00:28(00:00:21) |  00:00:00(00:00:00) |   0.0(  0.0) |   18:24:01 (Jun10) |  405.8 MB | PBS_Generic-Start
--------------------+---------------------+--------------+--------------------+-----------+----------------------
 00:01:57(00:01:49) |  00:01:28(00:01:28) |  97.8( 97.8) |   18:25:29 (Jun10) |  786.9 MB | PBS_Generic_Opt-Post
--------------------+---------------------+--------------+--------------------+-----------+----------------------
 00:01:57(00:01:49) |  00:00:00(00:00:00) |   0.0(  0.0) |   18:25:29 (Jun10) |  786.9 MB | PBS_Generic-Postgen HBO Optimizations
--------------------+---------------------+--------------+--------------------+-----------+----------------------
 00:01:59(00:01:51) |  00:00:02(00:00:02) |   2.2(  2.2) |   18:25:31 (Jun10) |  786.9 MB | PBS_TechMap-Start
--------------------+---------------------+--------------+--------------------+-----------+----------------------
Number of threads: 8 * 1   (id: pbs_debug, time_info v1.57)
Info: (*N*) indicates data that was populated from previously saved time_info database
Info: CPU time includes time of parent + longest thread
PBS_TechMap-Premap HBO Optimizations - Elapsed_Time 0, CPU_Time 0.0
stamp 'PBS_TechMap-Premap HBO Optimizations' being created for table 'pbs_debug'

  Total Time (Wall) |  Stage Time (Wall)  |   % (Wall)   |    Date - Time     |  Memory   | Stage
--------------------+---------------------+--------------+--------------------+-----------+----------------------
 00:00:28(00:00:21) |  00:00:00(00:00:00) |   0.0(  0.0) |   18:24:01 (Jun10) |  405.8 MB | PBS_Generic-Start
--------------------+---------------------+--------------+--------------------+-----------+----------------------
 00:01:57(00:01:49) |  00:01:28(00:01:28) |  97.8( 97.8) |   18:25:29 (Jun10) |  786.9 MB | PBS_Generic_Opt-Post
--------------------+---------------------+--------------+--------------------+-----------+----------------------
 00:01:57(00:01:49) |  00:00:00(00:00:00) |   0.0(  0.0) |   18:25:29 (Jun10) |  786.9 MB | PBS_Generic-Postgen HBO Optimizations
--------------------+---------------------+--------------+--------------------+-----------+----------------------
 00:01:59(00:01:51) |  00:00:02(00:00:02) |   2.2(  2.2) |   18:25:31 (Jun10) |  786.9 MB | PBS_TechMap-Start
--------------------+---------------------+--------------+--------------------+-----------+----------------------
 00:01:59(00:01:51) |  00:00:00(00:00:00) |   0.0(  0.0) |   18:25:31 (Jun10) |  786.9 MB | PBS_TechMap-Premap HBO Optimizations
--------------------+---------------------+--------------+--------------------+-----------+----------------------
Number of threads: 8 * 1   (id: pbs_debug, time_info v1.57)
Info: (*N*) indicates data that was populated from previously saved time_info database
Info: CPU time includes time of parent + longest thread
Info    : Partition Based Synthesis execution skipped. [PHYS-752]
        : Design size is less than the partition size '100000' for distributed mapping optimization to kick in.
Current PLE settings:

Aspect ratio        : 1.000
Shrink factor       : 1.000
Scale of res/length : 1.000
Scale of cap/length : 1.000
Net derating factor : 1.000
Thermal factor      : 1.324
Via Resistance      : 0.600 ohm (from qrc_tech_file)
Site size           : 1.910 um (from lef [tech+cell])

                                    Capacitance  
   Layer                             / Length         Data source:
 Name        Direction Utilization  (pF/micron)       qrc_tech_file
-------------------------------------------------
metal1_conn      H         0.00        0.000367  
metal2_conn      V         1.00        0.000317  
metal3_conn      H         1.00        0.000315  
metal4_conn      V         1.00        0.000317  
metal5_conn      H         1.00        0.000317  
metal6_conn      V         1.00        0.000318  
metal7_conn      H         1.00        0.000318  
metal8_conn      V         1.00        0.000315  
metal9_conn      H         1.00        0.001755  
metal10_conn     V         1.00        0.000854  
metal11_conn     H         1.00        0.000739  

                                     Resistance   
   Layer                              / Length         Data source:
 Name        Direction Utilization  (ohm/micron)       qrc_tech_file
--------------------------------------------------
metal1_conn      H         0.00         1.900028  
metal2_conn      V         1.00         1.183743  
metal3_conn      H         1.00         1.183743  
metal4_conn      V         1.00         1.183743  
metal5_conn      H         1.00         1.183743  
metal6_conn      V         1.00         1.183743  
metal7_conn      H         1.00         1.183743  
metal8_conn      V         1.00         0.432387  
metal9_conn      H         1.00         0.432387  
metal10_conn     V         1.00         0.157232  
metal11_conn     H         1.00         0.158932  

                                         Area     
   Layer                               / Length        Data source:
 Name        Direction Utilization     (micron)        lef_library
--------------------------------------------------
Metal1           H         0.00         0.060000  
Metal2           V         1.00         0.080000  
Metal3           H         1.00         0.080000  
Metal4           V         1.00         0.080000  
Metal5           H         1.00         0.080000  
Metal6           V         1.00         0.080000  
Metal7           H         1.00         0.080000  
Metal8           V         1.00         0.080000  
Metal9           H         1.00         0.080000  
Metal10          V         1.00         0.220000  
Metal11          H         1.00         0.220000  

Mapper: Libraries have:
	domain worst: 324 combo usable cells and 84 sequential usable cells
Multi-threaded Virtual Mapping    (8 threads per ST process, 8 of 24 CPUs usable)
 
Global mapping target info
==========================
Cost Group 'clk' target slack:   135 ps
Target path end-point (Pin: s1_man_product_reg[35]/d)

Multi-threaded Virtual Mapping    (8 threads per ST process, 8 of 24 CPUs usable)
Multi-threaded Technology Mapping (8 threads per ST process, 8 of 24 CPUs usable)
 
Global mapping status
=====================
                                   Group   
                                  Tot Wrst 
                           Total  Weighted 
Operation                   Area   Slacks  
 global_map                17371     -194 
            Worst cost_group: clk, WNS: -194.4
            Path: b_i[17] --> s1_man_product_reg[46]/D

    Cost Group            Target    Slack    Diff.  Constr.
-----------------------------------------------------------
           clk               135     -194      -7%     5000 

 
Global incremental target info
==============================
Cost Group 'clk' target slack:  -182 ps
Target path end-point (Pin: s1_man_product_reg[32]/D (DFFRHQX1/D))

==================================
Stage : global_incr_map 
==================================
  =================
   Message Summary
  =================
---------------------------------------------------------------------------------------------------
|    Id    |Sev  |Count |                              Message Text                               |
---------------------------------------------------------------------------------------------------
| LBR-155  |Info |  528 |Mismatch in unateness between 'timing_sense' attribute and the function. |
|          |     |      |The 'timing_sense' attribute will be respected.                          |
| PHYS-752 |Info |    1 |Partition Based Synthesis execution skipped.                             |
| SYNTH-2  |Info |    1 |Done synthesizing.                                                       |
| SYNTH-4  |Info |    1 |Mapping.                                                                 |
---------------------------------------------------------------------------------------------------
 
Global incremental optimization status
======================================
                                   Group   
                                  Tot Wrst 
                           Total  Weighted 
Operation                   Area   Slacks  
 global_incr               15093     -213 
            Worst cost_group: clk, WNS: -213.6
            Path: b_i[3] --> s1_man_product_reg[32]/D

    Cost Group            Target    Slack    Diff.  Constr.
-----------------------------------------------------------
           clk              -182     -214      -1%     5000 


State Retention Synthesis Status
================================

Category                        Flops   Percentage
--------------------------------------------------
Total instances                    77        100.0
Excluded from State Retention      77        100.0
    - Will not convert             77        100.0
      - Preserved                   0          0.0
      - Power intent excluded      77        100.0
    - Could not convert             0          0.0
      - Scan type                   0          0.0
      - No suitable cell            0          0.0
State Retention instances           0          0.0
--------------------------------------------------

INFO: skipping constant propagation
PBS_Techmap-Global Mapping - Elapsed_Time 56, CPU_Time 56.412642000000005
stamp 'PBS_Techmap-Global Mapping' being created for table 'pbs_debug'

  Total Time (Wall) |  Stage Time (Wall)  |   % (Wall)   |    Date - Time     |  Memory   | Stage
--------------------+---------------------+--------------+--------------------+-----------+----------------------
 00:00:28(00:00:21) |  00:00:00(00:00:00) |   0.0(  0.0) |   18:24:01 (Jun10) |  405.8 MB | PBS_Generic-Start
--------------------+---------------------+--------------+--------------------+-----------+----------------------
 00:01:57(00:01:49) |  00:01:28(00:01:28) |  60.2( 60.3) |   18:25:29 (Jun10) |  786.9 MB | PBS_Generic_Opt-Post
--------------------+---------------------+--------------+--------------------+-----------+----------------------
 00:01:57(00:01:49) |  00:00:00(00:00:00) |   0.0(  0.0) |   18:25:29 (Jun10) |  786.9 MB | PBS_Generic-Postgen HBO Optimizations
--------------------+---------------------+--------------+--------------------+-----------+----------------------
 00:01:59(00:01:51) |  00:00:02(00:00:02) |   1.4(  1.4) |   18:25:31 (Jun10) |  786.9 MB | PBS_TechMap-Start
--------------------+---------------------+--------------+--------------------+-----------+----------------------
 00:01:59(00:01:51) |  00:00:00(00:00:00) |   0.0(  0.0) |   18:25:31 (Jun10) |  786.9 MB | PBS_TechMap-Premap HBO Optimizations
--------------------+---------------------+--------------+--------------------+-----------+----------------------
 00:02:55(00:02:47) |  00:00:56(00:00:56) |  38.5( 38.4) |   18:26:27 (Jun10) |  785.4 MB | PBS_Techmap-Global Mapping
--------------------+---------------------+--------------+--------------------+-----------+----------------------
Number of threads: 8 * 1   (id: pbs_debug, time_info v1.57)
Info: (*N*) indicates data that was populated from previously saved time_info database
Info: CPU time includes time of parent + longest thread
Info    : Wrote formal verification information. [CFM-5]
        : Wrote 'fv/multiplier32FP/fv_map.fv.json' for netlist 'fv/multiplier32FP/fv_map.v.gz'.
Info    : Existing dofile found. Copied as fv/multiplier32FP/rtl_to_fv_map.do~.
Info    : Wrote dofile. [CFM-1]
        : Dofile is 'fv/multiplier32FP/rtl_to_fv_map.do'.
        : Alias mapping flow is enabled.
PBS_TechMap-Datapath Postmap Operations - Elapsed_Time 3, CPU_Time 3.0
stamp 'PBS_TechMap-Datapath Postmap Operations' being created for table 'pbs_debug'

  Total Time (Wall) |  Stage Time (Wall)  |   % (Wall)   |    Date - Time     |  Memory   | Stage
--------------------+---------------------+--------------+--------------------+-----------+----------------------
 00:00:28(00:00:21) |  00:00:00(00:00:00) |   0.0(  0.0) |   18:24:01 (Jun10) |  405.8 MB | PBS_Generic-Start
--------------------+---------------------+--------------+--------------------+-----------+----------------------
 00:01:57(00:01:49) |  00:01:28(00:01:28) |  59.0( 59.1) |   18:25:29 (Jun10) |  786.9 MB | PBS_Generic_Opt-Post
--------------------+---------------------+--------------+--------------------+-----------+----------------------
 00:01:57(00:01:49) |  00:00:00(00:00:00) |   0.0(  0.0) |   18:25:29 (Jun10) |  786.9 MB | PBS_Generic-Postgen HBO Optimizations
--------------------+---------------------+--------------+--------------------+-----------+----------------------
 00:01:59(00:01:51) |  00:00:02(00:00:02) |   1.3(  1.3) |   18:25:31 (Jun10) |  786.9 MB | PBS_TechMap-Start
--------------------+---------------------+--------------+--------------------+-----------+----------------------
 00:01:59(00:01:51) |  00:00:00(00:00:00) |   0.0(  0.0) |   18:25:31 (Jun10) |  786.9 MB | PBS_TechMap-Premap HBO Optimizations
--------------------+---------------------+--------------+--------------------+-----------+----------------------
 00:02:55(00:02:47) |  00:00:56(00:00:56) |  37.7( 37.6) |   18:26:27 (Jun10) |  785.4 MB | PBS_Techmap-Global Mapping
--------------------+---------------------+--------------+--------------------+-----------+----------------------
 00:02:58(00:02:50) |  00:00:03(00:00:03) |   2.0(  2.0) |   18:26:30 (Jun10) |  785.4 MB | PBS_TechMap-Datapath Postmap Operations
--------------------+---------------------+--------------+--------------------+-----------+----------------------
Number of threads: 8 * 1   (id: pbs_debug, time_info v1.57)
Info: (*N*) indicates data that was populated from previously saved time_info database
Info: CPU time includes time of parent + longest thread
PBS_TechMap-Postmap HBO Optimizations - Elapsed_Time 0, CPU_Time -0.05951899999999455
stamp 'PBS_TechMap-Postmap HBO Optimizations' being created for table 'pbs_debug'

  Total Time (Wall) |  Stage Time (Wall)  |   % (Wall)   |    Date - Time     |  Memory   | Stage
--------------------+---------------------+--------------+--------------------+-----------+----------------------
 00:00:28(00:00:21) |  00:00:00(00:00:00) |   0.0(  0.0) |   18:24:01 (Jun10) |  405.8 MB | PBS_Generic-Start
--------------------+---------------------+--------------+--------------------+-----------+----------------------
 00:01:57(00:01:49) |  00:01:28(00:01:28) |  59.0( 59.1) |   18:25:29 (Jun10) |  786.9 MB | PBS_Generic_Opt-Post
--------------------+---------------------+--------------+--------------------+-----------+----------------------
 00:01:57(00:01:49) |  00:00:00(00:00:00) |   0.0(  0.0) |   18:25:29 (Jun10) |  786.9 MB | PBS_Generic-Postgen HBO Optimizations
--------------------+---------------------+--------------+--------------------+-----------+----------------------
 00:01:59(00:01:51) |  00:00:02(00:00:02) |   1.3(  1.3) |   18:25:31 (Jun10) |  786.9 MB | PBS_TechMap-Start
--------------------+---------------------+--------------+--------------------+-----------+----------------------
 00:01:59(00:01:51) |  00:00:00(00:00:00) |   0.0(  0.0) |   18:25:31 (Jun10) |  786.9 MB | PBS_TechMap-Premap HBO Optimizations
--------------------+---------------------+--------------+--------------------+-----------+----------------------
 00:02:55(00:02:47) |  00:00:56(00:00:56) |  37.7( 37.6) |   18:26:27 (Jun10) |  785.4 MB | PBS_Techmap-Global Mapping
--------------------+---------------------+--------------+--------------------+-----------+----------------------
 00:02:58(00:02:50) |  00:00:03(00:00:03) |   2.0(  2.0) |   18:26:30 (Jun10) |  785.4 MB | PBS_TechMap-Datapath Postmap Operations
--------------------+---------------------+--------------+--------------------+-----------+----------------------
 00:02:58(00:02:50) |  00:00:00(00:00:00) |  -0.0(  0.0) |   18:26:30 (Jun10) |  785.4 MB | PBS_TechMap-Postmap HBO Optimizations
--------------------+---------------------+--------------+--------------------+-----------+----------------------
Number of threads: 8 * 1   (id: pbs_debug, time_info v1.57)
Info: (*N*) indicates data that was populated from previously saved time_info database
Info: CPU time includes time of parent + longest thread
 Doing ConstProp on design:multiplier32FP ... 

Time taken by ConstProp Step: 00:00:00
PBS_TechMap-Postmap Clock Gating - Elapsed_Time 0, CPU_Time 1.0
stamp 'PBS_TechMap-Postmap Clock Gating' being created for table 'pbs_debug'

  Total Time (Wall) |  Stage Time (Wall)  |   % (Wall)   |    Date - Time     |  Memory   | Stage
--------------------+---------------------+--------------+--------------------+-----------+----------------------
 00:00:28(00:00:21) |  00:00:00(00:00:00) |   0.0(  0.0) |   18:24:01 (Jun10) |  405.8 MB | PBS_Generic-Start
--------------------+---------------------+--------------+--------------------+-----------+----------------------
 00:01:57(00:01:49) |  00:01:28(00:01:28) |  58.6( 59.1) |   18:25:29 (Jun10) |  786.9 MB | PBS_Generic_Opt-Post
--------------------+---------------------+--------------+--------------------+-----------+----------------------
 00:01:57(00:01:49) |  00:00:00(00:00:00) |   0.0(  0.0) |   18:25:29 (Jun10) |  786.9 MB | PBS_Generic-Postgen HBO Optimizations
--------------------+---------------------+--------------+--------------------+-----------+----------------------
 00:01:59(00:01:51) |  00:00:02(00:00:02) |   1.3(  1.3) |   18:25:31 (Jun10) |  786.9 MB | PBS_TechMap-Start
--------------------+---------------------+--------------+--------------------+-----------+----------------------
 00:01:59(00:01:51) |  00:00:00(00:00:00) |   0.0(  0.0) |   18:25:31 (Jun10) |  786.9 MB | PBS_TechMap-Premap HBO Optimizations
--------------------+---------------------+--------------+--------------------+-----------+----------------------
 00:02:55(00:02:47) |  00:00:56(00:00:56) |  37.5( 37.6) |   18:26:27 (Jun10) |  785.4 MB | PBS_Techmap-Global Mapping
--------------------+---------------------+--------------+--------------------+-----------+----------------------
 00:02:58(00:02:50) |  00:00:03(00:00:03) |   2.0(  2.0) |   18:26:30 (Jun10) |  785.4 MB | PBS_TechMap-Datapath Postmap Operations
--------------------+---------------------+--------------+--------------------+-----------+----------------------
 00:02:58(00:02:50) |  00:00:00(00:00:00) |  -0.0(  0.0) |   18:26:30 (Jun10) |  785.4 MB | PBS_TechMap-Postmap HBO Optimizations
--------------------+---------------------+--------------+--------------------+-----------+----------------------
 00:02:59(00:02:50) |  00:00:01(00:00:00) |   0.7(  0.0) |   18:26:30 (Jun10) |  785.4 MB | PBS_TechMap-Postmap Clock Gating
--------------------+---------------------+--------------+--------------------+-----------+----------------------
Number of threads: 8 * 1   (id: pbs_debug, time_info v1.57)
Info: (*N*) indicates data that was populated from previously saved time_info database
Info: CPU time includes time of parent + longest thread
-------------------------------------------------------------------------------
 hi_fo_buf                 15093     -213     -2141       147        0
            Worst cost_group: clk, WNS: -213.6
            Path: b_i[3] --> s1_man_product_reg[32]/D

           Trick     Calls     Accepts   Attempts    Time(secs) 
-----------------------------------------------------------
       hi_fo_buf         0  (        0 /        0 )  0.00

 
Incremental optimization status
===============================
                                   Group   
                                  Tot Wrst     Total - - DRC Totals - -
                           Total  Weighted      Neg      Max       Max 
Operation                   Area   Slacks      Slack    Trans      Cap 
 init_delay                15093     -213     -2141       147        0
            Worst cost_group: clk, WNS: -213.6
            Path: b_i[3] --> s1_man_product_reg[32]/D
 incr_delay                15437      -12       -56       103        0
            Worst cost_group: clk, WNS: -12.1
            Path: b_i[13] --> s1_man_product_reg[32]/D
 incr_delay                15448        0         0       103        0

           Trick     Calls     Accepts   Attempts    Time(secs) 
-----------------------------------------------------------
       crit_upsz       346  (      181 /      183 )  1.54
    plc_bal_star         0  (        0 /        0 )  0.00
     drc_buftimb         0  (        0 /        0 )  0.00
          plc_st        29  (        0 /        0 )  0.00
    plc_st_fence        29  (        0 /        0 )  0.00
        plc_star        29  (        0 /        0 )  0.00
      plc_laf_st        29  (        0 /        0 )  0.00
 plc_laf_st_fence        29  (        0 /        0 )  0.00
     drc_buftims         0  (        0 /        0 )  0.00
            fopt        99  (       15 /       23 )  0.53
   plc_laf_lo_st        30  (        0 /        0 )  0.00
       plc_lo_st        30  (        0 /        0 )  0.00
        mb_split        30  (        0 /        0 )  0.00

 
Local TNS optimization status
=============================
                                   Group   
                                  Tot Wrst     Total - - DRC Totals - -
                           Total  Weighted      Neg      Max       Max 
Operation                   Area   Slacks      Slack    Trans      Cap 
 init_tns                  15448        0         0       103        0

           Trick     Calls     Accepts   Attempts    Time(secs) 
-----------------------------------------------------------
    plc_bal_star         0  (        0 /        0 )  0.00
     drc_buftimb         0  (        0 /        0 )  0.00
     drc_buftims         0  (        0 /        0 )  0.00
       crit_upsz         0  (        0 /        0 )  0.00
   plc_laf_lo_st         0  (        0 /        0 )  0.00
       plc_lo_st         0  (        0 /        0 )  0.00
            fopt         0  (        0 /        0 )  0.00
       crit_dnsz         0  (        0 /        0 )  0.00
             dup         0  (        0 /        0 )  0.00
        setup_dn         0  (        0 /        0 )  0.00
        mb_split         0  (        0 /        0 )  0.00

PBS_TechMap-Postmap Cleanup - Elapsed_Time 4, CPU_Time 2.9205110000000047
stamp 'PBS_TechMap-Postmap Cleanup' being created for table 'pbs_debug'

  Total Time (Wall) |  Stage Time (Wall)  |   % (Wall)   |    Date - Time     |  Memory   | Stage
--------------------+---------------------+--------------+--------------------+-----------+----------------------
 00:00:28(00:00:21) |  00:00:00(00:00:00) |   0.0(  0.0) |   18:24:01 (Jun10) |  405.8 MB | PBS_Generic-Start
--------------------+---------------------+--------------+--------------------+-----------+----------------------
 00:01:57(00:01:49) |  00:01:28(00:01:28) |  57.5( 57.5) |   18:25:29 (Jun10) |  786.9 MB | PBS_Generic_Opt-Post
--------------------+---------------------+--------------+--------------------+-----------+----------------------
 00:01:57(00:01:49) |  00:00:00(00:00:00) |   0.0(  0.0) |   18:25:29 (Jun10) |  786.9 MB | PBS_Generic-Postgen HBO Optimizations
--------------------+---------------------+--------------+--------------------+-----------+----------------------
 00:01:59(00:01:51) |  00:00:02(00:00:02) |   1.3(  1.3) |   18:25:31 (Jun10) |  786.9 MB | PBS_TechMap-Start
--------------------+---------------------+--------------+--------------------+-----------+----------------------
 00:01:59(00:01:51) |  00:00:00(00:00:00) |   0.0(  0.0) |   18:25:31 (Jun10) |  786.9 MB | PBS_TechMap-Premap HBO Optimizations
--------------------+---------------------+--------------+--------------------+-----------+----------------------
 00:02:55(00:02:47) |  00:00:56(00:00:56) |  36.7( 36.6) |   18:26:27 (Jun10) |  785.4 MB | PBS_Techmap-Global Mapping
--------------------+---------------------+--------------+--------------------+-----------+----------------------
 00:02:58(00:02:50) |  00:00:03(00:00:03) |   2.0(  2.0) |   18:26:30 (Jun10) |  785.4 MB | PBS_TechMap-Datapath Postmap Operations
--------------------+---------------------+--------------+--------------------+-----------+----------------------
 00:02:58(00:02:50) |  00:00:00(00:00:00) |  -0.0(  0.0) |   18:26:30 (Jun10) |  785.4 MB | PBS_TechMap-Postmap HBO Optimizations
--------------------+---------------------+--------------+--------------------+-----------+----------------------
 00:02:59(00:02:50) |  00:00:01(00:00:00) |   0.7(  0.0) |   18:26:30 (Jun10) |  785.4 MB | PBS_TechMap-Postmap Clock Gating
--------------------+---------------------+--------------+--------------------+-----------+----------------------
 00:03:02(00:02:54) |  00:00:02(00:00:04) |   1.9(  2.6) |   18:26:34 (Jun10) |  765.9 MB | PBS_TechMap-Postmap Cleanup
--------------------+---------------------+--------------+--------------------+-----------+----------------------
Number of threads: 8 * 1   (id: pbs_debug, time_info v1.57)
Info: (*N*) indicates data that was populated from previously saved time_info database
Info: CPU time includes time of parent + longest thread
PBS_Techmap-Post_MBCI - Elapsed_Time 0, CPU_Time 0.0
stamp 'PBS_Techmap-Post_MBCI' being created for table 'pbs_debug'

  Total Time (Wall) |  Stage Time (Wall)  |   % (Wall)   |    Date - Time     |  Memory   | Stage
--------------------+---------------------+--------------+--------------------+-----------+----------------------
 00:00:28(00:00:21) |  00:00:00(00:00:00) |   0.0(  0.0) |   18:24:01 (Jun10) |  405.8 MB | PBS_Generic-Start
--------------------+---------------------+--------------+--------------------+-----------+----------------------
 00:01:57(00:01:49) |  00:01:28(00:01:28) |  57.5( 57.5) |   18:25:29 (Jun10) |  786.9 MB | PBS_Generic_Opt-Post
--------------------+---------------------+--------------+--------------------+-----------+----------------------
 00:01:57(00:01:49) |  00:00:00(00:00:00) |   0.0(  0.0) |   18:25:29 (Jun10) |  786.9 MB | PBS_Generic-Postgen HBO Optimizations
--------------------+---------------------+--------------+--------------------+-----------+----------------------
 00:01:59(00:01:51) |  00:00:02(00:00:02) |   1.3(  1.3) |   18:25:31 (Jun10) |  786.9 MB | PBS_TechMap-Start
--------------------+---------------------+--------------+--------------------+-----------+----------------------
 00:01:59(00:01:51) |  00:00:00(00:00:00) |   0.0(  0.0) |   18:25:31 (Jun10) |  786.9 MB | PBS_TechMap-Premap HBO Optimizations
--------------------+---------------------+--------------+--------------------+-----------+----------------------
 00:02:55(00:02:47) |  00:00:56(00:00:56) |  36.7( 36.6) |   18:26:27 (Jun10) |  785.4 MB | PBS_Techmap-Global Mapping
--------------------+---------------------+--------------+--------------------+-----------+----------------------
 00:02:58(00:02:50) |  00:00:03(00:00:03) |   2.0(  2.0) |   18:26:30 (Jun10) |  785.4 MB | PBS_TechMap-Datapath Postmap Operations
--------------------+---------------------+--------------+--------------------+-----------+----------------------
 00:02:58(00:02:50) |  00:00:00(00:00:00) |  -0.0(  0.0) |   18:26:30 (Jun10) |  785.4 MB | PBS_TechMap-Postmap HBO Optimizations
--------------------+---------------------+--------------+--------------------+-----------+----------------------
 00:02:59(00:02:50) |  00:00:01(00:00:00) |   0.7(  0.0) |   18:26:30 (Jun10) |  785.4 MB | PBS_TechMap-Postmap Clock Gating
--------------------+---------------------+--------------+--------------------+-----------+----------------------
 00:03:02(00:02:54) |  00:00:02(00:00:04) |   1.9(  2.6) |   18:26:34 (Jun10) |  765.9 MB | PBS_TechMap-Postmap Cleanup
--------------------+---------------------+--------------+--------------------+-----------+----------------------
 00:03:02(00:02:54) |  00:00:00(00:00:00) |   0.0(  0.0) |   18:26:34 (Jun10) |  765.9 MB | PBS_Techmap-Post_MBCI
--------------------+---------------------+--------------+--------------------+-----------+----------------------
Number of threads: 8 * 1   (id: pbs_debug, time_info v1.57)
Info: (*N*) indicates data that was populated from previously saved time_info database
Info: CPU time includes time of parent + longest thread
##>=================== Cadence Confidential (Mapping-Logical) ===================
##>Main Thread Summary:
##>----------------------------------------------------------------------------------------
##>STEP                           Elapsed       WNS       TNS     Insts      Area    Memory
##>----------------------------------------------------------------------------------------
##>M:Initial                            0         -         -      6121     16857       786
##>M:Pre Cleanup                        0         -         -      6121     16857       786
##>M:Setup                              0         -         -         -         -         -
##>M:Launch ST                          0         -         -         -         -         -
##>M:Design Partition                   0         -         -         -         -         -
##>M:Create Partition Netlists          0         -         -         -         -         -
##>M:Init Power                         0         -         -         -         -         -
##>M:Budgeting                          0         -         -         -         -         -
##>M:Derenv-DB                          0         -         -         -         -         -
##>M:Debug Outputs                      0         -         -         -         -         -
##>M:ST loading                         0         -         -         -         -         -
##>M:Distributed                        0         -         -         -         -         -
##>M:Timer                              0         -         -         -         -         -
##>M:Assembly                           0         -         -         -         -         -
##>M:DFT                                0         -         -         -         -         -
##>M:DP Operations                      3         -         -      3453     10903       785
##>M:Const Prop                         0      -213      2141      3453     10903       785
##>M:Cleanup                            4         0         0      3478     11239       765
##>M:MBCI                               0         -         -      3478     11239       765
##>M:Const Gate Removal                 0         -         -         -         -         -
##>M:Misc                              56
##>----------------------------------------------------------------------------------------
##>Total Elapsed                       63
##>========================================================================================
Info    : Done mapping. [SYNTH-5]
        : Done mapping 'multiplier32FP'.
      flow.cputime  flow.realtime  timing.setup.tns  timing.setup.wns  snapshot
UM:*                                                                   syn_map
@file(multiplier32FP.tcl) 64: get_db insts .base_cell.name -u ;# List all cell names used in the current design.
@file(multiplier32FP.tcl) 70: read_stimulus -allow_n_nets -format vcd -file multiplier_fis_200MHz_x1.vcd
Info   : STIM-0001 [StimInfo] read_stimulus effective options 
       : -file : multiplier_fis_200MHz_x1.vcd
       : -format : vcd
       : -allow_n_nets : 1
Info   : STIM-0001 Design top is multiplier32FP
Info   : STIM-0014 [StimInfo] Auto determined DUT instance /multiplier32FP_tb
       : for design root design:multiplier32FP.
Info   : STIM-0001 Started reading input stimulus file
       : multiplier_fis_200MHz_x1.vcd
Info   : STIM-0001 Found top instance /multiplier32FP_tb
Info   : STIM-0002 [StimInfo] Finished design hierarchy parsing.
Info   : STIM-0010 [StimInfo] Total number of frames '1'
Info   : STIM-0002 Started value change section parsing.
Info   : STIM-0012 [StimInfo] Simulation start = 0 ps, end = 2517000 ps.
Info   : STIM-0002 Finished processing value changes, started storage.
Info   : STIM-0007 [StimInfo] Stored stimulus information '/stim#1' in SDB.
--------------------------- Annotation Report ---------------------------
Object Type         Asserted  UnAsserted  Unconnected  Total  Asserted% 
                                           + Constant                   
-------------------------------------------------------------------------
Primary Ports                                                           
  Inputs                  67           0            0     67    100.00% 
  Outputs                 37           0            0     37    100.00% 
  I/O                      0           0            0      0        N/A 
Sequential Outputs                                                      
  Memory                   0           0            0      0        N/A 
  Flop                    37          40            0     77     48.05% 
  Latch                    0           0            0      0        N/A 
  Arch ICGC                0           0            0      0        N/A 
  Inferred ICGC            0           0            0      0        N/A 
  Total ICGC               0           0            0      0        N/A 
Drivers                                                                 
  Driver nets            104        3618            6   3728      2.79% 
  RTL Driver nets         37          40            0     77     48.05% 
DFT                                                                     
  Input Ports              0           0            0      0        N/A 
  Flop Outputs             0           0            0      0        N/A 
  Memory Outputs           0           0            0      0        N/A 
-------------------------------------------------------------------------
Info   : STIM-0013 [StimInfo] Completed successfully.
       : Info=11, Warn=0, Error=0, Fatal=0
Info: Removing all stims from SDB
@file(multiplier32FP.tcl) 71: set_db power_engine joules ;# <joules or legacy>
  Setting attribute of root '/': 'power_engine' = joules
@file(multiplier32FP.tcl) 72: report_sdb_annotation
Stim Id                   : Asserted attribute
--------------------------- Annotation Report ---------------------------
Object Type         Asserted  UnAsserted  Unconnected  Total  Asserted% 
                                           + Constant                   
-------------------------------------------------------------------------
Primary Ports                                                           
  Inputs                  67           0            0     67    100.00% 
  Outputs                 37           0            0     37    100.00% 
  I/O                      0           0            0      0        N/A 
Sequential Outputs                                                      
  Memory                   0           0            0      0        N/A 
  Flop                    37          40            0     77     48.05% 
  Latch                    0           0            0      0        N/A 
  Arch ICGC                0           0            0      0        N/A 
  Inferred ICGC            0           0            0      0        N/A 
  Total ICGC               0           0            0      0        N/A 
Drivers                                                                 
  Driver nets            104        3618            6   3728      2.79% 
  RTL Driver nets         37          40            0     77     48.05% 
DFT                                                                     
  Input Ports              0           0            0      0        N/A 
  Flop Outputs             0           0            0      0        N/A 
  Memory Outputs           0           0            0      0        N/A 
-------------------------------------------------------------------------
@file(multiplier32FP.tcl) 73: report_power -unit uW
Info    : Joules engine is used. [RPT-16]
        : Joules engine is being used for the command report_power.
Info   : ACTP-0001 [ACTPInfo] Activity propagation started for stim#0 netlist
       : multiplier32FP
Info   : ACTP-0009 [ACTPInfo] Activity Propagation Progress Report :   0%   1%   2%   3%   4%   5%   6%   7%   8%   9%  10%  11%  12%  13%  14%  15%  16%  17%  18%  19%  20%  21%  22%  23%  24%  25%  26%  27%  28%  29%  30%  31%  32%  33%  34%  35%  36%  37%  38%  39%  40%  41%  42%  43%  44%  45%  46%  47%  48%  49%  50%  51%  52%  53%  54%  55%  56%  57%  58%  59%  60%  61%  62%  63%  64%  65%  66%  67%  68%  69%  70%  71%  72%  73%  74%  75%  76%  77%  78%  79%  80%  81%  82%  83%  84%  85%  86%  87%  88%  89%  90%  91%  92%  93%  94%  95%  96%  97%  98%  99% 100%
Info   : ACTP-0001 Activity propagation ended for stim#0
Info   : PWRA-0001 [PwrInfo] compute_power effective options 
       : -mode : lp_asserted
       : -skip_propagation : 1
       : -frequency_scaling_factor : 1.0
       : -use_clock_freq : stim
       : -stim :/stim#0
       : -fromGenus : 1
Info   : ACTP-0001 Timing initialization started
Info   : ACTP-0001 Timing initialization ended
Info   : PWRA-0002 [PwrInfo] Skipping activity propagation due to -skip_ap
       : option....
Info   : PWRA-0002 Started 'average' power computation from attr values.
Info   : PWRA-0009 [PwrInfo] Power Computation Progress Report :  28%  57% 100%
Info   : PWRA-0002 Finished power computation.
Info   : PWRA-0007 [PwrInfo] Completed successfully.
       : Info=6, Warn=0, Error=0, Fatal=0
Instance: /multiplier32FP
Power Unit: uW
PDB Frames: /stim#0/frame#0
  -------------------------------------------------------------------------
    Category         Leakage     Internal    Switching        Total    Row%
  -------------------------------------------------------------------------
      memory     0.00000e+00  0.00000e+00  0.00000e+00  0.00000e+00   0.00%
    register     1.88599e-02  5.95178e+01  3.42963e+01  9.38329e+01  13.58%
       latch     0.00000e+00  0.00000e+00  0.00000e+00  0.00000e+00   0.00%
       logic     3.70514e-01  2.28244e+02  3.66002e+02  5.94616e+02  86.06%
        bbox     0.00000e+00  0.00000e+00  0.00000e+00  0.00000e+00   0.00%
       clock     0.00000e+00  0.00000e+00  2.49282e+00  2.49282e+00   0.36%
         pad     0.00000e+00  0.00000e+00  0.00000e+00  0.00000e+00   0.00%
          pm     0.00000e+00  0.00000e+00  0.00000e+00  0.00000e+00   0.00%
  -------------------------------------------------------------------------
    Subtotal     3.89374e-01  2.87762e+02  4.02791e+02  6.90942e+02 100.00%
  Percentage           0.06%       41.65%       58.30%      100.00% 100.00%
  -------------------------------------------------------------------------
@file(multiplier32FP.tcl) 74: report_power > ${RPT_DIR}/${HDL_NAME}_power_200MHz_fis_x1.rpt
Info    : Joules engine is used. [RPT-16]
        : Joules engine is being used for the command report_power.
Output file: /home/ufsm00291/ufsm00291-bruning2023520081/projetos/multiplier32FP/backend/synthesis/reports/multiplier32FP_power_200MHz_fis_x1.rpt
@file(multiplier32FP.tcl) 76: read_stimulus -allow_n_nets -format vcd -file multiplier_fis_200MHz_x2.vcd
Info   : STIM-0001 [StimInfo] read_stimulus effective options 
       : -file : multiplier_fis_200MHz_x2.vcd
       : -format : vcd
       : -allow_n_nets : 1
Info   : STIM-0001 Design top is multiplier32FP
Info   : STIM-0014 [StimInfo] Auto determined DUT instance /multiplier32FP_tb
       : for design root design:multiplier32FP.
Info   : STIM-0001 Started reading input stimulus file
       : multiplier_fis_200MHz_x2.vcd
Info   : STIM-0001 Found top instance /multiplier32FP_tb
Info   : STIM-0002 [StimInfo] Finished design hierarchy parsing.
Info   : STIM-0010 [StimInfo] Total number of frames '1'
Info   : STIM-0002 Started value change section parsing.
Info   : STIM-0012 [StimInfo] Simulation start = 0 ps, end = 5034000 ps.
Info   : STIM-0002 Finished processing value changes, started storage.
Info   : STIM-0007 [StimInfo] Stored stimulus information '/stim#1' in SDB.
--------------------------- Annotation Report ---------------------------
Object Type         Asserted  UnAsserted  Unconnected  Total  Asserted% 
                                           + Constant                   
-------------------------------------------------------------------------
Primary Ports                                                           
  Inputs                  67           0            0     67    100.00% 
  Outputs                 37           0            0     37    100.00% 
  I/O                      0           0            0      0        N/A 
Sequential Outputs                                                      
  Memory                   0           0            0      0        N/A 
  Flop                    37          40            0     77     48.05% 
  Latch                    0           0            0      0        N/A 
  Arch ICGC                0           0            0      0        N/A 
  Inferred ICGC            0           0            0      0        N/A 
  Total ICGC               0           0            0      0        N/A 
Drivers                                                                 
  Driver nets            104        3618            6   3728      2.79% 
  RTL Driver nets         37          40            0     77     48.05% 
DFT                                                                     
  Input Ports              0           0            0      0        N/A 
  Flop Outputs             0           0            0      0        N/A 
  Memory Outputs           0           0            0      0        N/A 
-------------------------------------------------------------------------
Info   : STIM-0013 [StimInfo] Completed successfully.
       : Info=11, Warn=0, Error=0, Fatal=0
Info: Removing all stims from SDB
@file(multiplier32FP.tcl) 77: set_db power_engine joules ;# <joules or legacy>
  Setting attribute of root '/': 'power_engine' = joules
@file(multiplier32FP.tcl) 78: report_sdb_annotation
Stim Id                   : Asserted attribute
--------------------------- Annotation Report ---------------------------
Object Type         Asserted  UnAsserted  Unconnected  Total  Asserted% 
                                           + Constant                   
-------------------------------------------------------------------------
Primary Ports                                                           
  Inputs                  67           0            0     67    100.00% 
  Outputs                 37           0            0     37    100.00% 
  I/O                      0           0            0      0        N/A 
Sequential Outputs                                                      
  Memory                   0           0            0      0        N/A 
  Flop                    37          40            0     77     48.05% 
  Latch                    0           0            0      0        N/A 
  Arch ICGC                0           0            0      0        N/A 
  Inferred ICGC            0           0            0      0        N/A 
  Total ICGC               0           0            0      0        N/A 
Drivers                                                                 
  Driver nets            104        3618            6   3728      2.79% 
  RTL Driver nets         37          40            0     77     48.05% 
DFT                                                                     
  Input Ports              0           0            0      0        N/A 
  Flop Outputs             0           0            0      0        N/A 
  Memory Outputs           0           0            0      0        N/A 
-------------------------------------------------------------------------
@file(multiplier32FP.tcl) 79: report_power -unit uW
Info    : Joules engine is used. [RPT-16]
        : Joules engine is being used for the command report_power.
Info   : ACTP-0001 Activity propagation started for stim#0 netlist
       : multiplier32FP
Info   : ACTP-0009 [ACTPInfo] Activity Propagation Progress Report :   0%   1%   2%   3%   4%   5%   6%   7%   8%   9%  10%  11%  12%  13%  14%  15%  16%  17%  18%  19%  20%  21%  22%  23%  24%  25%  26%  27%  28%  29%  30%  31%  32%  33%  34%  35%  36%  37%  38%  39%  40%  41%  42%  43%  44%  45%  46%  47%  48%  49%  50%  51%  52%  53%  54%  55%  56%  57%  58%  59%  60%  61%  62%  63%  64%  65%  66%  67%  68%  69%  70%  71%  72%  73%  74%  75%  76%  77%  78%  79%  80%  81%  82%  83%  84%  85%  86%  87%  88%  89%  90%  91%  92%  93%  94%  95%  96%  97%  98%  99% 100%
Info   : ACTP-0001 Activity propagation ended for stim#0
Info   : PWRA-0001 compute_power effective options 
       : -mode : lp_asserted
       : -skip_propagation : 1
       : -frequency_scaling_factor : 1.0
       : -use_clock_freq : stim
       : -stim :/stim#0
       : -fromGenus : 1
Info   : ACTP-0001 Timing initialization started
Info   : ACTP-0001 Timing initialization ended
Info   : PWRA-0002 Skipping activity propagation due to -skip_ap option....
Info   : PWRA-0002 Started 'average' power computation from attr values.
Info   : PWRA-0009 [PwrInfo] Power Computation Progress Report :  42%  71% 100%
Info   : PWRA-0002 Finished power computation.
Info   : PWRA-0007 Completed successfully.
       : Info=6, Warn=0, Error=0, Fatal=0
Instance: /multiplier32FP
Power Unit: uW
PDB Frames: /stim#0/frame#0
  -------------------------------------------------------------------------
    Category         Leakage     Internal    Switching        Total    Row%
  -------------------------------------------------------------------------
      memory     0.00000e+00  0.00000e+00  0.00000e+00  0.00000e+00   0.00%
    register     1.87775e-02  5.49544e+01  2.19617e+01  7.69348e+01  18.41%
       latch     0.00000e+00  0.00000e+00  0.00000e+00  0.00000e+00   0.00%
       logic     3.71216e-01  1.30870e+02  2.07234e+02  3.38476e+02  80.99%
        bbox     0.00000e+00  0.00000e+00  0.00000e+00  0.00000e+00   0.00%
       clock     0.00000e+00  0.00000e+00  2.49406e+00  2.49406e+00   0.60%
         pad     0.00000e+00  0.00000e+00  0.00000e+00  0.00000e+00   0.00%
          pm     0.00000e+00  0.00000e+00  0.00000e+00  0.00000e+00   0.00%
  -------------------------------------------------------------------------
    Subtotal     3.89994e-01  1.85825e+02  2.31690e+02  4.17904e+02 100.00%
  Percentage           0.09%       44.47%       55.44%      100.00% 100.00%
  -------------------------------------------------------------------------
@file(multiplier32FP.tcl) 80: report_power > ${RPT_DIR}/${HDL_NAME}_power_200MHz_fis_x2.rpt
Info    : Joules engine is used. [RPT-16]
        : Joules engine is being used for the command report_power.
Output file: /home/ufsm00291/ufsm00291-bruning2023520081/projetos/multiplier32FP/backend/synthesis/reports/multiplier32FP_power_200MHz_fis_x2.rpt
@file(multiplier32FP.tcl) 90: source ../scripts/common/sdf_width_wa.etf
Sourcing '../scripts/common/sdf_width_wa.etf' (Wed Jun 10 18:26:36 -03 2026)...
@file(multiplier32FP.tcl) 91: write_sdf -edge check_edge -nonegchecks -setuphold split -recrem split -version 3.0 -design ${HDL_NAME}  > ${DEV_DIR}/${HDL_NAME}_worst_SPLIT.sdf
@file(multiplier32FP.tcl) 92: write_hdl ${HDL_NAME} > ${DEV_DIR}/${HDL_NAME}.v
#@ End verbose source /home/ufsm00291/ufsm00291-bruning2023520081/projetos/multiplier32FP/backend/synthesis/scripts/multiplier32FP.tcl
WARNING: This version of the tool is 742 days old.
@genus:design:multiplier32FP 2> exit

Lic Summary:
[18:34:15.417770] Cdslmd servers: gmicro0
[18:34:15.417818] Feature usage summary:
[18:34:15.417819] Genus_Synthesis
[18:34:15.417825] Genus_Physical_Opt

Normal exit.