*----------------------------------------------------------------------------------------
*	Innovus 21.19-s058_1 (64bit) 04/04/2024 09:59 (Linux 3.10.0-693.el7.x86_64)
*	
*
* 	Date & Time:	2026-May-29 11:23:52 (2026-May-29 14:23:52 GMT)
*
*----------------------------------------------------------------------------------------
*
*	Design: multiplier32FP
*
*	Liberty Libraries used: 
*	        analysis_normal_slow_max: /home/tools/design_kits/cadence/GPDK045/gsclib045_svt_v4.4/gsclib045/timing/slow_vdd1v0_basicCells.lib
*
*	Power Domain used: 
*              Rail:        VDD      Voltage:        0.9 
*
*       Power View : analysis_normal_slow_max
*
*       User-Defined Activity : N.A.
*
*       Activity File: N.A.
*
*       Hierarchical Global Activity: N.A.
*
*       Global Activity: N.A.
*
*       Sequential Element Activity: N.A.
*
*       Primary Input Activity: 0.200000
*
*       Default icg ratio: N.A.
*
*       Global Comb ClockGate Ratio: N.A.
*
*	Power Units = 1mW
*
*	Time Units = 1e-09 secs 
*
*       Temperature = 125 
*
*       report_power -outfile .//multiplier32FP.rpt -rail_analysis_format VS
*
-----------------------------------------------------------------------------------------
Cell                            Internal   Switching       Total     Leakage   Cell
                                   Power       Power       Power       Power   Name
--------------------------------------------------------------------------------------
product_o_reg[12]              7.855e-05   0.0001761    0.000255   3.592e-07  DFFRHQX8
product_o_reg[13]              7.854e-05   0.0001761    0.000255   3.592e-07  DFFRHQX8
product_o_reg[21]              7.848e-05   0.0001759   0.0002547   3.591e-07  DFFRHQX8
product_o_reg[20]              7.847e-05   0.0001759   0.0002547   3.591e-07  DFFRHQX8
product_o_reg[18]              7.847e-05   0.0001759   0.0002547   3.591e-07  DFFRHQX8
product_o_reg[17]              7.847e-05   0.0001759   0.0002547   3.591e-07  DFFRHQX8
product_o_reg[10]              7.829e-05   0.0001753   0.0002539   3.591e-07  DFFRHQX8
product_o_reg[11]              7.828e-05   0.0001753   0.0002539   3.591e-07  DFFRHQX8
product_o_reg[6]               7.827e-05   0.0001752   0.0002538   3.591e-07  DFFRHQX8
product_o_reg[5]               7.827e-05   0.0001752   0.0002538   3.591e-07  DFFRHQX8
product_o_reg[15]              7.821e-05    0.000175   0.0002535   3.591e-07  DFFRHQX8
product_o_reg[16]              7.821e-05    0.000175   0.0002535   3.591e-07  DFFRHQX8
product_o_reg[3]               7.808e-05   0.0001745    0.000253    3.59e-07  DFFRHQX8
product_o_reg[0]               7.808e-05   0.0001745    0.000253    3.59e-07  DFFRHQX8
product_o_reg[19]              7.808e-05   0.0001745    0.000253    3.59e-07  DFFRHQX8
product_o_reg[7]               7.808e-05   0.0001745    0.000253    3.59e-07  DFFRHQX8
product_o_reg[14]              7.808e-05   0.0001745    0.000253    3.59e-07  DFFRHQX8
product_o_reg[4]               7.808e-05   0.0001745    0.000253    3.59e-07  DFFRHQX8
product_o_reg[9]               7.808e-05   0.0001745    0.000253    3.59e-07  DFFRHQX8
product_o_reg[8]               7.808e-05   0.0001745    0.000253    3.59e-07  DFFRHQX8
product_o_reg[22]              7.807e-05   0.0001745   0.0002529    3.59e-07  DFFRHQX8
product_o_reg[2]               7.805e-05   0.0001744   0.0002528    3.59e-07  DFFRHQX8
product_o_reg[1]               7.805e-05   0.0001744   0.0002528    3.59e-07  DFFRHQX8
product_o_reg[23]              6.884e-05   0.0001423   0.0002115   3.594e-07  DFFRHQX8
product_o_reg[24]              5.893e-05   0.0001078   0.0001671   3.594e-07  DFFRHQX8
product_o_reg[30]              5.773e-05   0.0001036   0.0001617   3.594e-07  DFFRHQX8
product_o_reg[27]              5.628e-05   9.853e-05   0.0001552   3.594e-07  DFFRHQX8
product_o_reg[28]              5.604e-05    9.77e-05   0.0001541   3.594e-07  DFFRHQX8
product_o_reg[29]              5.571e-05   9.654e-05   0.0001526   3.594e-07  DFFRHQX8
product_o_reg[26]              5.513e-05   9.454e-05     0.00015   3.594e-07  DFFRHQX8
product_o_reg[25]              5.374e-05    8.97e-05   0.0001438   3.594e-07  DFFRHQX8
g113175__6783                  5.409e-05   7.245e-05   0.0001266   7.344e-08  AOI2BB1X2
g113205__4319                  2.611e-05   9.146e-05   0.0001177   1.014e-07  ADDFX1
g113231__8428                  2.612e-05   8.918e-05   0.0001154   1.015e-07  ADDFX1
g113204__6260                   2.61e-05   8.369e-05   0.0001099   1.012e-07  ADDFX1
g113219__2398                  2.467e-05   8.032e-05   0.0001051   1.015e-07  ADDFX1
product_o_reg[31]               4.35e-05   5.397e-05   9.783e-05   3.576e-07  DFFRHQX8
s1_man_product_reg[37]          8.57e-05   5.576e-06    9.14e-05   1.311e-07  DFFRHQX1
s1_man_product_reg[24]         8.603e-05   4.584e-06   9.074e-05   1.311e-07  DFFRHQX1
s1_man_product_reg[32]         8.462e-05   4.661e-06   8.942e-05   1.311e-07  DFFRHQX1
s1_man_product_reg[31]         8.256e-05   5.928e-06   8.862e-05   1.311e-07  DFFRHQX1
s1_man_product_reg[25]         8.573e-05   2.682e-06   8.854e-05    1.31e-07  DFFRHQX1
s1_man_product_reg[26]         8.347e-05   4.503e-06    8.81e-05   1.311e-07  DFFRHQX1
s1_man_product_reg[23]         8.531e-05   1.317e-06   8.676e-05   1.311e-07  DFFRHQX1
s1_man_product_reg[39]         8.065e-05   4.811e-06   8.559e-05   1.312e-07  DFFRHQX1
s1_man_product_reg[27]         8.055e-05   3.312e-06     8.4e-05   1.311e-07  DFFRHQX1
s1_man_product_reg[36]         7.851e-05   4.688e-06   8.333e-05   1.315e-07  DFFRHQX1
s1_man_product_reg[34]         7.894e-05   4.055e-06   8.313e-05   1.312e-07  DFFRHQX1
s1_man_product_reg[33]         7.817e-05    3.88e-06   8.218e-05   1.311e-07  DFFRHQX1
s1_man_product_reg[30]         7.576e-05   5.447e-06   8.134e-05   1.311e-07  DFFRHQX1
s1_man_product_reg[35]         7.644e-05    4.55e-06   8.112e-05   1.311e-07  DFFRHQX1
s1_man_product_reg[29]         7.469e-05   6.082e-06   8.091e-05   1.312e-07  DFFRHQX1
s1_man_product_reg[44]         7.586e-05   4.464e-06   8.045e-05   1.314e-07  DFFRHQX1
s1_man_product_reg[38]         7.465e-05   5.442e-06   8.023e-05   1.311e-07  DFFRHQX1
s1_man_product_reg[28]         7.459e-05   4.565e-06   7.929e-05   1.311e-07  DFFRHQX1
s1_man_product_reg[47]         6.245e-05    1.64e-05   7.898e-05   1.311e-07  DFFRHQX1
g113218__5477                  2.373e-05   5.442e-05   7.825e-05   1.011e-07  ADDFX1
g113022__2398                  3.539e-05   4.241e-05   7.787e-05   6.269e-08  CLKXOR2X1
done_o_reg                     3.847e-05   3.645e-05   7.528e-05   3.679e-07  DFFRHQX8
s1_man_product_reg[40]          7.04e-05   4.411e-06   7.494e-05   1.311e-07  DFFRHQX1
g113061__7410                  3.706e-05   3.743e-05   7.455e-05   6.211e-08  CLKXOR2X1
g113038__2802                  3.677e-05   3.599e-05   7.283e-05   6.427e-08  XNOR2X1
overflow_o_reg                 3.777e-05   3.404e-05   7.216e-05   3.535e-07  DFFRHQX8
s1_man_product_reg[45]         6.465e-05    4.99e-06   6.977e-05   1.311e-07  DFFRHQX1
s1_man_product_reg[41]         6.277e-05   4.634e-06   6.753e-05   1.314e-07  DFFRHQX1
s1_man_product_reg[43]         6.117e-05   5.663e-06   6.697e-05   1.311e-07  DFFRHQX1
s1_man_product_reg[42]         6.169e-05   3.872e-06   6.569e-05   1.311e-07  DFFRHQX1
g113048__7098                  4.163e-05   2.355e-05   6.524e-05   6.312e-08  CLKXOR2X1
underflow_o_reg                3.523e-05   2.516e-05   6.075e-05   3.535e-07  DFFRHQX8
g113237__9945                   4.36e-05   1.611e-05   5.979e-05   7.785e-08  OAI211X2
s1_man_product_reg[46]         5.728e-05   1.254e-06   5.867e-05   1.311e-07  DFFRHQX1
g113039__5122                  3.305e-05   2.527e-05   5.839e-05   6.136e-08  XNOR2X1
g113075__5122                  2.402e-05   3.308e-05   5.714e-05    4.02e-08  AO21X1
g113060__9315                  3.439e-05   2.216e-05   5.661e-05   6.259e-08  XNOR2X1
g113275__5107                  1.904e-05   3.513e-05   5.427e-05   1.018e-07  ADDFX1
g113232__6260                  2.781e-05   2.574e-05   5.365e-05    1.01e-07  ADDFX1
g113114__9315                  4.383e-05   9.702e-06    5.36e-05   6.402e-08  XNOR2X1
g113145__1881                  4.236e-05   1.008e-05    5.25e-05   6.127e-08  CLKXOR2X1
g113023__5477                  3.049e-05   2.189e-05   5.245e-05   6.157e-08  CLKXOR2X1
g113268__5477                  1.352e-05   3.756e-05   5.112e-05   3.682e-08  AND2X1
g113047__5115                  3.776e-05   1.313e-05   5.096e-05   6.379e-08  XNOR2X1
g113067__3680                  3.994e-05   1.065e-05   5.066e-05   6.311e-08  CLKXOR2X1
g113074__2802                  3.393e-05   1.657e-05   5.054e-05   4.257e-08  AOI22X1
g113131__7410                  4.219e-05   7.476e-06   4.972e-05   6.189e-08  XNOR2X1
g113217__6783                  2.399e-05    2.53e-05   4.939e-05   1.014e-07  ADDFX1
g113057__2346                  4.134e-05   7.106e-06   4.851e-05   6.131e-08  XNOR2X1
g113331__5122                  1.672e-05   3.151e-05   4.833e-05   1.015e-07  ADDFX1
g113093__8428                  4.028e-05   7.787e-06   4.813e-05   6.233e-08  XNOR2X1
g113181__8246                  3.645e-05   1.107e-05   4.762e-05   9.692e-08  ADDHX1
g113065__9945                  2.631e-05   2.095e-05    4.73e-05   3.718e-08  OAI31X1
g113090__2398                  3.822e-05    7.95e-06   4.622e-05   4.877e-08  AOI2BB1X1
g113169__2883                  3.294e-05   1.307e-05   4.611e-05    9.58e-08  ADDHX1
g113127__6131                  2.465e-05   2.077e-05   4.547e-05    4.26e-08  OAI2BB1X1
g113220__5115                  2.852e-05   1.676e-05   4.538e-05   1.015e-07  ADDFX1
g113040__4319                  3.612e-05   9.076e-06   4.526e-05   6.057e-08  XNOR2X1
g113317__2398                   3.19e-05   1.298e-05   4.494e-05   6.463e-08  OAI2BB2X1
g113073__8246                  3.321e-05   1.112e-05    4.44e-05    6.22e-08  XNOR2X1
g113085__2883                  3.779e-05     6.4e-06   4.425e-05   6.278e-08  XNOR2X1
g113255__6161                  3.208e-05   1.188e-05   4.402e-05   5.666e-08  AOI222X1
g113356__9945                  1.523e-05   2.834e-05   4.367e-05    1.03e-07  ADDFX1
g113230__3680                  2.321e-05   2.012e-05   4.343e-05   1.013e-07  ADDFX1
g113258__1666                   2.15e-05   2.163e-05   4.317e-05   4.322e-08  AOI22X1
g113081__5115                  1.738e-05   2.564e-05   4.306e-05   3.619e-08  OR2X1
g113243__2883                  2.274e-05   2.001e-05   4.286e-05   1.011e-07  ADDFX1
g113153__8428                  2.772e-05   1.501e-05   4.282e-05   9.633e-08  ADDHX1
g113357__7482                  1.471e-05   2.759e-05    4.24e-05   1.019e-07  ADDFX1
g113242__2802                  2.821e-05     1.4e-05   4.232e-05   1.014e-07  ADDFX1
g113132__7098                  2.024e-05   2.162e-05    4.19e-05   3.721e-08  AOI21X1
g113135__5107                  1.297e-05   2.885e-05   4.186e-05   3.803e-08  AOI21X1
g113105__7410                  2.386e-05   1.794e-05   4.184e-05   3.603e-08  AND2X1
g113083__4733                    2.4e-05   1.766e-05    4.17e-05   4.158e-08  AOI2BB1X1
g113115__2883                  2.083e-05   2.051e-05   4.138e-05   3.712e-08  AOI21X1
g113272__9945                  1.791e-05   2.313e-05    4.11e-05   5.246e-08  MX2X1
g113122__2802                  2.189e-05   1.896e-05   4.088e-05   4.161e-08  OR3X1
g113170__8428                  3.265e-05   8.103e-06   4.085e-05   9.687e-08  ADDHX1
g113203__9945                  2.366e-05   1.667e-05   4.043e-05   1.017e-07  ADDFX1
g113086__2346                  3.383e-05   6.438e-06   4.033e-05   6.152e-08  CLKXOR2X1
g113069__2398                  3.267e-05   7.511e-06   4.024e-05   6.276e-08  XNOR2X1
g113056__1666                  2.046e-05   1.974e-05   4.024e-05   3.872e-08  OAI21X1
s1_exp_sum_reg[7]              3.776e-05   2.188e-06   4.008e-05   1.311e-07  DFFRHQX1
g113190__5115                  2.177e-05   1.823e-05   4.004e-05   3.718e-08  AOI21X1
g113154__5526                  2.637e-05   1.325e-05   3.971e-05    9.44e-08  ADDHX1
g113050__1705                  3.279e-05   6.341e-06    3.92e-05   6.543e-08  XNOR2X1
g113152__6417                  2.876e-05   9.631e-06   3.849e-05   9.604e-08  ADDHX1
g113080__1881                  3.115e-05   7.202e-06   3.841e-05   6.267e-08  XNOR2X1
g113171__6417                   2.53e-05   1.267e-05   3.807e-05   9.559e-08  ADDHX1
s1_exp_sum_reg[5]              3.551e-05   2.124e-06   3.776e-05   1.311e-07  DFFRHQX1
g113201__9315                  2.374e-05    1.39e-05   3.774e-05   1.012e-07  ADDFX1
s1_exp_sum_reg[6]              3.571e-05   1.878e-06   3.772e-05   1.311e-07  DFFRHQX1
g113355__6260                  2.488e-05   1.273e-05   3.771e-05   1.019e-07  ADDFX1
g113031__3680                  2.266e-05   1.492e-05   3.764e-05   6.065e-08  XNOR2X1
g113202__7098                   2.27e-05   1.483e-05   3.762e-05   9.518e-08  ADDHX1
g113084__9945                  1.725e-05   2.015e-05   3.744e-05   3.935e-08  AOI21X1
s1_exp_sum_reg[4]              3.511e-05   1.954e-06    3.72e-05   1.311e-07  DFFRHQX1
s1_exp_sum_reg[3]              3.432e-05   2.065e-06   3.652e-05   1.311e-07  DFFRHQX1
g113151__7410                  2.565e-05   1.075e-05   3.649e-05   9.641e-08  ADDHX1
g113082__6131                  2.088e-05   1.536e-05   3.628e-05   3.959e-08  AO21X1
g112982__5477                  6.039e-06   2.983e-05   3.592e-05   5.439e-08  AND2X2
g113278__1705                  1.913e-05   1.658e-05   3.581e-05   1.011e-07  ADDFX1
g113306__7410                  1.981e-05   1.548e-05   3.539e-05   1.021e-07  ADDFX1
g113068__4319                  2.421e-05   1.057e-05   3.482e-05   3.979e-08  AO21X1
s1_exp_sum_reg[2]              3.306e-05   1.607e-06    3.48e-05   1.311e-07  DFFRHQX1
g113330__6417                  1.853e-05   1.616e-05   3.479e-05   1.014e-07  ADDFX1
g113107__7098                  2.254e-05   1.202e-05    3.46e-05   4.033e-08  OA21X1
g113209__6783                  1.048e-05   2.384e-05   3.436e-05   3.481e-08  OR2X1
g113063__6260                  1.433e-05   1.968e-05   3.405e-05   3.906e-08  AOI21X1
s1_exp_sum_reg[0]              3.206e-05   1.845e-06   3.403e-05     1.3e-07  DFFRHQX1
g113148__7482                  2.373e-05   1.023e-05     3.4e-05   3.875e-08  OAI21X1
g113100__5526                  1.846e-05   1.504e-05   3.354e-05   3.474e-08  AND2X1
g113310__5122                  2.227e-05   1.112e-05   3.349e-05   1.011e-07  ADDFX1
s1_exp_sum_reg[1]              3.205e-05   1.236e-06   3.342e-05   1.311e-07  DFFRHQX1
g112985__2398                  6.072e-06   2.719e-05   3.332e-05   5.439e-08  AND2X2
g113045__1881                  1.386e-05   1.938e-05   3.328e-05   3.916e-08  OAI21X1
g113058__5477                  2.618e-05   7.015e-06   3.323e-05   3.729e-08  OAI2BB1X1
g113121__9945                   1.65e-05   1.664e-05   3.319e-05   4.325e-08  AOI31X1
s1_valid_reg                   3.113e-05   1.909e-06   3.317e-05   1.311e-07  DFFRHQX1
g113257__4319                   2.61e-05   6.912e-06   3.306e-05   4.434e-08  OAI22X1
g113302__5477                  2.127e-05   1.161e-05   3.293e-05   5.236e-08  MX2X1
g113359__4733                  1.588e-05   1.689e-05   3.288e-05   1.017e-07  ADDFX1
g113482__2398                  1.187e-05    2.08e-05   3.277e-05   1.027e-07  ADDFX1
s1_exp_sum_reg[8]              3.195e-05    5.71e-07   3.265e-05   1.267e-07  DFFRHQX1
s1_sign_reg                    3.197e-05   4.342e-07   3.253e-05   1.311e-07  DFFRHQX1
g113262__6131                  2.089e-05    1.15e-05   3.249e-05   1.014e-07  ADDFX1
g113088__1666                  1.221e-05   2.023e-05   3.247e-05   3.222e-08  NOR2X1
g113305__2346                  1.901e-05   1.329e-05   3.239e-05   1.015e-07  ADDFX1
g113051__6161                  1.723e-05   1.512e-05   3.238e-05   3.833e-08  OA21X1
g113110__5477                  2.515e-05   7.144e-06   3.233e-05   4.115e-08  AOI2BB1X1
g113211__5115                  2.599e-05   5.991e-06   3.202e-05   4.596e-08  OAI2BB1X1
s1_exp_sum_reg[9]              3.113e-05   6.401e-07    3.19e-05   1.248e-07  DFFRHQX1
g113308__6783                  2.069e-05   1.107e-05   3.186e-05   1.017e-07  ADDFX1
g113030__6260                  2.526e-05   5.986e-06   3.131e-05   6.185e-08  CLKXOR2X1
g113079                        7.044e-06   2.417e-05   3.124e-05   2.086e-08  INVX1
infinit_o_reg                   2.86e-05    2.06e-06   3.102e-05   3.515e-07  DFFRHQX8
g113149__2346                  1.124e-05   1.959e-05   3.086e-05   3.623e-08  OR2X1
g113117__7482                  1.954e-05   1.111e-05   3.069e-05   3.696e-08  AND2X1
g113293__1881                  2.089e-05   9.664e-06   3.066e-05   1.023e-07  ADDFX1
nan_o_reg                       2.85e-05   1.708e-06   3.056e-05   3.515e-07  DFFRHQX8
g113337__1617                  2.354e-05   6.846e-06   3.049e-05   9.977e-08  ADDHX1
g113179__5526                  1.961e-05   1.075e-05   3.041e-05   4.364e-08  OAI2BB1X1
g113028__5107                  2.429e-05    6.07e-06    3.04e-05   4.453e-08  OAI2BB1X1
g113276__2883                  1.933e-05   1.071e-05   3.015e-05   1.014e-07  ADDFX1
g113289__6260                  1.889e-05   1.114e-05   3.013e-05   1.015e-07  ADDFX1
g113277__9315                  1.767e-05   1.225e-05   3.002e-05   1.011e-07  ADDFX1
g113018__6417                  2.302e-05   6.675e-06   2.975e-05    6.18e-08  CLKXOR2X1
g113294__2883                  1.828e-05   1.135e-05   2.973e-05   1.024e-07  ADDFX1
g113309__2346                  1.758e-05   1.201e-05   2.969e-05    1.02e-07  ADDFX1
g113290__9945                  1.973e-05   9.626e-06   2.945e-05   1.019e-07  ADDFX1
g113378__7410                  1.946e-05   9.841e-06    2.94e-05    1.02e-07  ADDFX1
g113109__1705                   1.94e-05   9.857e-06    2.93e-05   3.684e-08  OR2X1
g113106__6783                  2.133e-05   7.912e-06   2.929e-05   4.095e-08  OAI211X1
g113054__7482                  2.093e-05   8.193e-06   2.915e-05   3.584e-08  OAI21X1
g113017__7410                  2.337e-05   5.347e-06   2.878e-05   6.062e-08  CLKXOR2X1
g113029__8428                  2.387e-05   4.802e-06   2.874e-05   6.548e-08  XNOR2X1
g113118__5107                  1.001e-05   1.868e-05   2.872e-05   3.157e-08  NAND2X1
s1_inf_reg                     2.833e-05    1.46e-07    2.86e-05   1.229e-07  DFFRHQX1
g113111__4319                  2.253e-05   6.026e-06   2.859e-05    3.89e-08  AO21X1
s1_nan_reg                     2.827e-05   1.183e-07   2.851e-05   1.229e-07  DFFRHQX1
g113260__4733                  2.279e-05   5.535e-06   2.842e-05   9.644e-08  ADDHX1
g113032__6783                  2.303e-05   5.339e-06   2.841e-05   4.639e-08  AOI2BB1X1
g113474__8428                  1.134e-05   1.684e-05   2.828e-05   1.001e-07  ADDFX1
g113318__7482                  2.278e-05   5.283e-06   2.823e-05   1.729e-07  XOR3X1
s1_zero_reg                    2.802e-05           0   2.815e-05   1.228e-07  DFFRHQX1
g113286__6417                   2.14e-05   6.598e-06   2.804e-05   4.401e-08  OAI22X1
g113261__1881                    1.9e-05   8.909e-06   2.802e-05   1.021e-07  ADDFX1
g113328__6783                  1.654e-05   1.099e-05    2.76e-05   6.315e-08  XNOR2X1
g113274__6161                  1.901e-05   8.347e-06   2.746e-05   1.019e-07  ADDFX1
g113108__9315                  1.811e-05   9.231e-06   2.738e-05   3.624e-08  OR3X1
g113248__2346                  1.695e-05   1.034e-05   2.735e-05   6.315e-08  CLKXOR2X1
g113311__1666                  1.862e-05   8.619e-06   2.734e-05   1.024e-07  ADDFX1
g113304__8428                  1.771e-05     9.5e-06   2.731e-05   1.013e-07  ADDFX1
g113241__1617                  2.002e-05    7.17e-06   2.729e-05   9.594e-08  ADDHX1
g113336__3680                  1.924e-05   7.924e-06   2.721e-05   4.582e-08  OAI2BB1X1
g113041__8246                  1.917e-05   7.994e-06    2.72e-05   3.926e-08  OAI21X1
g113332__8246                  1.672e-05   1.029e-05   2.711e-05   1.015e-07  ADDFX1
g113387__1666                  1.419e-05   1.276e-05   2.705e-05   1.019e-07  ADDFX1
g113472__2802                  1.106e-05   1.586e-05   2.702e-05    1.03e-07  ADDFX1
g113010__2346                  1.663e-05   1.026e-05   2.698e-05   9.524e-08  ADDHX1
g113101__8246                  1.104e-05   1.578e-05   2.686e-05   2.818e-08  NOR2X1
g113238__2802                  1.738e-05   9.278e-06   2.669e-05   3.466e-08  AOI21X1
g113046__4733                  1.391e-05   1.263e-05   2.659e-05   3.948e-08  OAI21X1
g113960__2398                  1.687e-05   8.981e-06   2.608e-05   2.329e-07  AOI2BB2X4
g113301__2398                   1.71e-05   8.896e-06   2.604e-05   4.381e-08  OAI2BB1X1
g113334__1705                  1.643e-05   9.275e-06    2.58e-05   1.013e-07  ADDFX1
g113340__6161                  1.658e-05    9.11e-06    2.58e-05   1.013e-07  ADDFX1
g113091__6260                  1.143e-05   1.427e-05   2.573e-05   2.958e-08  NOR2X1
g113384__2883                  1.551e-05   1.001e-05   2.563e-05    1.02e-07  ADDFX1
g113418__5526                  1.857e-05    6.76e-06   2.551e-05   1.728e-07  XOR3X1
g113250__6131                  1.856e-05   6.624e-06   2.528e-05   9.389e-08  ADDHX1
g113196__1666                  1.005e-05   1.507e-05   2.517e-05   5.281e-08  NAND2X2
g113339__1666                   1.54e-05   9.575e-06   2.508e-05   1.025e-07  ADDFX1
g113139__3680                  1.721e-05   7.691e-06   2.494e-05   4.225e-08  OAI22X1
g113468__1617                  1.136e-05   1.344e-05    2.49e-05   1.011e-07  ADDFX1
g113284__6131                  1.413e-05   1.055e-05   2.472e-05   4.226e-08  AO22X1
g113124__3680                  1.688e-05   7.719e-06   2.464e-05   4.009e-08  AO21X1
g113377__1617                  1.517e-05   9.318e-06   2.459e-05   1.016e-07  ADDFX1
g113072__1617                  1.163e-05    1.28e-05   2.447e-05    3.15e-08  NAND2X1
g113333__3680                  1.546e-05   8.684e-06   2.425e-05   1.013e-07  ADDFX1
g113016__1666                   1.91e-05    4.85e-06   2.401e-05   6.113e-08  XNOR2X1
g113037__1617                  1.725e-05   6.706e-06   2.399e-05   3.571e-08  AND2X1
FE_RC_17_0                     1.167e-05   1.214e-05   2.387e-05   6.334e-08  XNOR2X1
g113380__5107                  1.583e-05   7.775e-06   2.371e-05   1.025e-07  ADDFX1
g113354__5115                  1.538e-05   8.119e-06    2.36e-05   1.015e-07  ADDFX1
g113137__1881                  1.849e-05   5.031e-06   2.356e-05   3.974e-08  AO21X1
g113292__4319                  1.777e-05   5.679e-06   2.354e-05   9.587e-08  ADDHX1
g113478__2883                  1.711e-05   6.319e-06   2.353e-05    1.03e-07  ADDFX1
g113342__9315                  1.534e-05   8.041e-06   2.348e-05   1.015e-07  ADDFX1
g113325__1617                   1.56e-05   7.789e-06   2.346e-05   6.315e-08  XNOR2X1
g113271__5107                  9.401e-06     1.4e-05   2.345e-05   4.012e-08  AO21X1
g113089__1705                  1.677e-05   6.568e-06   2.337e-05   3.874e-08  OAI21X1
g113097__6417                   1.02e-05    1.31e-05   2.333e-05   2.689e-08  NAND2X1
g115616                        4.732e-06   1.829e-05   2.314e-05   1.191e-07  AND2X4
g113165__1705                  1.589e-05   7.169e-06    2.31e-05   4.052e-08  OA21X1
g113438__8428                  1.703e-05   5.839e-06   2.304e-05   1.731e-07  XNOR3X1
g113382__9945                  1.467e-05   8.262e-06   2.303e-05   1.014e-07  ADDFX1
g113338__2802                   1.58e-05   7.049e-06   2.295e-05   1.014e-07  ADDFX1
g113633__5107                  9.864e-06   1.296e-05   2.293e-05   1.007e-07  ADDFX1
g113159__9945                  1.337e-05   9.499e-06   2.291e-05   3.676e-08  NAND2BX1
g113291__1705                  1.639e-05   6.397e-06   2.288e-05   9.575e-08  ADDHX1
g113327__5526                  1.533e-05   7.418e-06   2.281e-05   6.315e-08  CLKXOR2X1
g113167__4319                  1.432e-05   8.372e-06   2.273e-05   3.859e-08  OR3X1
g113059__6417                  1.612e-05    6.48e-06   2.263e-05   3.226e-08  OAI21X1
g113194__4733                   1.27e-05    9.89e-06   2.263e-05   3.939e-08  AO21X1
g113285__2398                  1.274e-05   9.781e-06   2.257e-05   4.363e-08  OA22X1
g116048                        1.555e-06   2.091e-05   2.256e-05   9.388e-08  CLKINVX4
g113521__2802                  1.231e-05   1.012e-05   2.253e-05   1.024e-07  ADDFX1
g113158__7410                   6.65e-06   1.567e-05   2.235e-05   3.356e-08  NOR2X1
g113383__2883                  1.335e-05   8.824e-06   2.227e-05   1.012e-07  ADDFX1
g113408__1881                  1.687e-05   5.224e-06   2.226e-05   1.728e-07  XOR3X1
g113376__4319                    1.4e-05   8.154e-06   2.226e-05   1.017e-07  ADDFX1
g113174__6131                  1.088e-05    1.12e-05   2.212e-05   3.651e-08  OR2X1
g116101                        1.554e-06    2.04e-05   2.205e-05   9.388e-08  CLKINVX4
g113307__8246                  1.449e-05   7.338e-06   2.193e-05   1.036e-07  ADDFX1
g113103                        8.471e-06   1.328e-05   2.177e-05   2.097e-08  INVX1
g113449__8246                  1.324e-05   8.407e-06   2.175e-05   1.029e-07  ADDFX1
g116051                        1.554e-06   2.008e-05   2.173e-05   9.388e-08  CLKINVX4
g113389__5477                  1.486e-05    6.67e-06   2.163e-05   1.012e-07  ADDFX1
g116142                        1.554e-06   1.998e-05   2.163e-05   9.388e-08  CLKINVX4
g113741__6131                  8.775e-06   1.274e-05   2.162e-05   1.021e-07  ADDFX1
g116140                        1.554e-06   1.995e-05    2.16e-05   9.388e-08  CLKINVX4
g113385__2346                  1.419e-05   7.284e-06   2.157e-05   1.014e-07  ADDFX1
g116050                        1.554e-06   1.991e-05   2.155e-05   9.388e-08  CLKINVX4
g115620                        4.699e-06    1.66e-05   2.142e-05   1.191e-07  AND2X4
g113208__9315                  8.583e-06   1.273e-05   2.135e-05   3.488e-08  OR2X1
g116141                        1.554e-06   1.967e-05   2.132e-05   9.388e-08  CLKINVX4
g113329__4319                  1.603e-05   5.209e-06   2.131e-05   6.488e-08  OAI2BB2X1
g113049__6131                  1.578e-05   5.396e-06   2.122e-05   3.878e-08  NAND3X1
g113287__1881                  7.969e-06   1.319e-05   2.119e-05   3.279e-08  NOR2X1
g113315__7482                  1.403e-05   7.058e-06   2.113e-05    4.04e-08  AO21X1
FE_DBTC13_a_i_13               1.554e-06   1.942e-05   2.107e-05   9.388e-08  CLKINVX4
g113431__7410                   1.33e-05   7.642e-06   2.104e-05   1.015e-07  ADDFX1
g113164__5122                  9.895e-06   1.106e-05   2.099e-05    3.78e-08  OAI21X1
g113299__5115                  1.228e-05   8.643e-06   2.096e-05   3.799e-08  AO21X1
FE_DBTC12_a_i_8                1.554e-06   1.925e-05   2.089e-05   9.388e-08  CLKINVX4
g113476__5477                  1.144e-05   9.329e-06   2.087e-05   1.028e-07  ADDFX1
g113191__6260                  1.647e-05   4.333e-06   2.084e-05   4.214e-08  NAND2BX1
g113475__5122                   1.24e-05   8.341e-06   2.084e-05   1.027e-07  ADDFX1
g113188__9315                  5.626e-06    1.51e-05   2.076e-05   2.624e-08  NOR2X1
g113102                        1.126e-05   9.461e-06   2.075e-05   2.082e-08  INVX1
g113379__9315                  1.416e-05   6.475e-06   2.074e-05   1.031e-07  ADDFX1
g113360__6161                  1.521e-05   5.276e-06   2.059e-05   1.015e-07  ADDFX1
g113381__2802                  1.331e-05   7.025e-06   2.044e-05   1.022e-07  ADDFX1
g113458__7482                  1.715e-05   2.993e-06   2.032e-05   1.729e-07  XOR3X1
g115622                        2.462e-06   1.774e-05   2.025e-05   5.578e-08  AND2X2
g113144__1705                  7.249e-06   1.285e-05   2.013e-05   3.364e-08  NOR2X1
g116102                        1.553e-06   1.844e-05   2.009e-05   9.388e-08  CLKINVX4
g113480__2398                  1.135e-05   8.623e-06   2.007e-05   1.022e-07  ADDFX1
g113269__6417                  6.666e-06   1.327e-05   1.996e-05   2.597e-08  NAND2X1
g113341__1881                  1.414e-05   5.686e-06   1.993e-05   1.018e-07  ADDFX1
g113358__1666                  1.178e-05   8.043e-06   1.992e-05   1.013e-07  ADDFX1
g113501__9945                   1.64e-05   3.327e-06    1.99e-05   1.724e-07  XOR3X1
g113322__5107                  9.566e-06   1.028e-05   1.988e-05   3.927e-08  OAI21X1
g113223__7410                  5.138e-06   1.469e-05   1.985e-05   2.646e-08  NOR2X1
g116052                        1.553e-06    1.82e-05   1.985e-05   9.388e-08  CLKINVX4
g113099__7482                  9.187e-06   1.058e-05   1.979e-05   2.406e-08  NOR2X1
g113469__4319                  1.242e-05   7.239e-06   1.976e-05   1.034e-07  ADDFX1
g116046                        1.553e-06   1.802e-05   1.967e-05   9.388e-08  CLKINVX4
g115609                        1.531e-06   1.806e-05   1.963e-05   3.396e-08  AND2X1
g116144                        1.553e-06   1.789e-05   1.954e-05   9.388e-08  CLKINVX4
g113185__7482                   9.56e-06   9.917e-06   1.951e-05   3.716e-08  OR2X1
g113481__6131                  1.235e-05   7.006e-06   1.945e-05   1.019e-07  ADDFX1
g113432__5122                  1.348e-05   5.866e-06   1.945e-05    1.02e-07  ADDFX1
g113446__8428                  1.136e-05   7.951e-06   1.942e-05   1.023e-07  ADDFX1
g113515__5477                  1.064e-05   8.615e-06   1.936e-05   1.034e-07  ADDFX1
g113335__8428                  1.546e-05   3.823e-06   1.934e-05   6.066e-08  CLKXOR2X1
g113053__2883                  1.158e-05   7.705e-06   1.932e-05   3.506e-08  NOR2X1
g113733__6417                  7.825e-06   1.135e-05   1.928e-05   1.033e-07  ADDFX1
g113386__6417                  1.433e-05   4.835e-06   1.927e-05    1.01e-07  ADDFX1
g116047                        1.553e-06   1.762e-05   1.927e-05   9.388e-08  CLKINVX4
g113448__6783                  1.262e-05   6.489e-06   1.921e-05   1.018e-07  ADDFX1
g113636__7410                  9.865e-06   9.178e-06   1.914e-05   1.007e-07  ADDFX1
g113409__9315                  1.523e-05   3.738e-06   1.914e-05   1.728e-07  XOR3X1
FE_RC_16_0                      1.24e-05   6.624e-06   1.909e-05   6.224e-08  XNOR2X1
g113466__9945                  1.482e-05   4.078e-06   1.907e-05   1.728e-07  XOR3X1
g116049                        1.553e-06   1.738e-05   1.902e-05   9.388e-08  CLKINVX4
g113388__8428                  1.323e-05   5.688e-06   1.902e-05   1.016e-07  ADDFX1
g113592__8428                  8.992e-06   9.803e-06    1.89e-05   1.027e-07  ADDFX1
g115618                        2.458e-06   1.635e-05   1.887e-05   5.578e-08  AND2X2
g113125__6260                  1.211e-05   6.692e-06   1.884e-05   3.442e-08  NAND3X1
FE_RC_13_0                     1.041e-05   8.328e-06    1.88e-05   6.229e-08  CLKXOR2X1
g113563__8246                  1.409e-05   4.525e-06   1.879e-05   1.728e-07  XOR3X1
g113398__7098                  1.246e-05   6.196e-06   1.876e-05   1.008e-07  ADDFX1
g113473__1705                  1.239e-05   6.242e-06   1.873e-05   1.027e-07  ADDFX1
g116044                        1.552e-06   1.707e-05   1.872e-05   9.388e-08  CLKINVX4
g113447__5526                  1.136e-05   7.247e-06   1.871e-05    1.02e-07  ADDFX1
g115607                        2.487e-06   1.615e-05   1.869e-05   5.578e-08  AND2X2
g113471__7098                  1.176e-05   6.784e-06   1.864e-05   1.015e-07  ADDFX1
g113092__5107                  8.463e-06   1.015e-05   1.864e-05   2.148e-08  NOR2X1
g116045                        1.223e-06   1.732e-05   1.861e-05   6.814e-08  INVX3
g113430__2398                  1.327e-05   5.178e-06   1.855e-05   1.018e-07  ADDFX1
g113210__5122                  5.367e-06   1.314e-05   1.854e-05   2.694e-08  NOR2X1
g113477__8246                  1.176e-05   6.629e-06   1.849e-05   1.019e-07  ADDFX1
g113249__5526                  1.042e-05     7.9e-06   1.836e-05   3.714e-08  OR2X1
g116088                        1.223e-06   1.704e-05   1.833e-05   6.814e-08  INVX3
g116138                        1.552e-06   1.667e-05   1.832e-05   9.388e-08  CLKINVX4
g113445__4319                  1.172e-05    6.48e-06    1.83e-05    1.03e-07  ADDFX1
g113517__6417                  1.019e-05    7.93e-06   1.822e-05   1.016e-07  ADDFX1
g116137                        1.552e-06   1.655e-05    1.82e-05   9.388e-08  CLKINVX4
g113420__6161                  8.986e-06   9.137e-06   1.819e-05   6.198e-08  CLKXOR2X1
g113396__5477                  1.357e-05   4.505e-06   1.812e-05   3.875e-08  AOI2BB1X1
g115597                        2.448e-06   1.546e-05   1.796e-05   5.578e-08  AND2X2
g113066__6783                   1.07e-05   7.231e-06   1.795e-05   1.644e-08  AOI211XL
g113544__7410                  1.167e-05   6.153e-06   1.793e-05   1.032e-07  ADDFX1
g113187__5107                  1.048e-05   7.307e-06   1.783e-05   3.718e-08  OR2X1
g113347__7410                  1.148e-05   6.299e-06   1.782e-05   4.237e-08  NAND2BX1
g113450__9945                  1.174e-05   5.936e-06   1.778e-05   1.027e-07  ADDFX1
g113142__1705                  1.328e-05    4.44e-06   1.776e-05   3.567e-08  AND2X1
g113558__5526                  1.449e-05    3.01e-06   1.768e-05   1.733e-07  XNOR3X1
g113326__4733                  1.096e-05   6.657e-06   1.765e-05   4.031e-08  AO21X1
g113486__2346                  1.211e-05   5.367e-06   1.758e-05   1.039e-07  ADDFX1
g113344__1881                  1.454e-05   2.993e-06   1.757e-05    4.54e-08  OAI22X1
g113453__6417                  1.153e-05   5.933e-06   1.756e-05   1.022e-07  ADDFX1
g113402__7098                   1.62e-05   1.113e-06   1.748e-05   1.732e-07  XNOR3X1
g115605                        1.523e-06   1.586e-05   1.742e-05   3.396e-08  AND2X1
g113212__4319                    1.2e-05   5.339e-06   1.738e-05   4.512e-08  NOR2BX1
g113429__6260                  1.136e-05   5.894e-06   1.736e-05   1.025e-07  ADDFX1
g113136__2398                  1.203e-05   5.266e-06   1.733e-05    3.42e-08  OR2X1
g115595                        2.473e-06   1.477e-05    1.73e-05   5.578e-08  AND2X2
g113222__6417                  4.804e-06   1.245e-05   1.728e-05   2.565e-08  NAND2X1
g113516__1881                  1.105e-05   6.118e-06   1.727e-05   1.028e-07  ADDFX1
g115598                        2.713e-06   1.444e-05   1.721e-05   5.624e-08  AND2X2
g113265__2802                  6.749e-06   1.042e-05   1.721e-05   3.525e-08  OR2X1
g115855                        9.819e-07   1.619e-05    1.72e-05   2.802e-08  NAND2X1
g113172__6783                   1.35e-05   3.623e-06   1.717e-05   4.518e-08  NOR2BX1
g113479__7098                  1.135e-05   5.687e-06   1.714e-05   1.022e-07  ADDFX1
g113439__3680                  1.446e-05    2.47e-06    1.71e-05   1.725e-07  XOR3X1
g113193__6161                  9.734e-06   7.271e-06   1.704e-05   3.503e-08  OR2X1
g113723__3680                  9.067e-06   7.855e-06   1.702e-05   1.025e-07  ADDFX1
g113406__6783                  1.119e-05   5.763e-06   1.701e-05   6.359e-08  XNOR2X1
g113630__5526                  9.058e-06   7.832e-06   1.699e-05   1.026e-07  ADDFX1
g113129__6131                  1.273e-05   4.216e-06   1.698e-05   3.399e-08  OR2X1
g113524__7098                  1.064e-05    6.15e-06   1.689e-05   1.026e-07  ADDFX1
g115617                        2.455e-06   1.437e-05   1.688e-05   5.578e-08  AND2X2
g113632__2346                  9.899e-06   6.852e-06   1.685e-05   1.025e-07  ADDFX1
g113452__6260                  1.166e-05   5.084e-06   1.685e-05   1.025e-07  ADDFX1
g113177__7098                  8.881e-06   7.716e-06   1.663e-05   3.451e-08  AOI21X1
g115621                        1.508e-06   1.507e-05   1.661e-05   3.396e-08  AND2X1
g115442                        1.537e-06   1.496e-05   1.656e-05   6.664e-08  INVX3
g113316__2802                  1.261e-05   3.765e-06   1.644e-05   6.315e-08  XNOR2X1
g113366__8246                  1.316e-05   3.201e-06   1.642e-05   6.526e-08  XNOR2X1
g113483__9315                  1.145e-05   4.829e-06   1.638e-05   1.028e-07  ADDFX1
g113485__1881                  1.065e-05    5.61e-06   1.636e-05   1.009e-07  ADDFX1
g113739__2802                  8.872e-06   7.344e-06   1.632e-05   1.016e-07  ADDFX1
g113370__7410                  1.118e-05   5.014e-06   1.625e-05   6.314e-08  XNOR2X1
g113724__1666                  9.742e-06   6.396e-06   1.624e-05   1.029e-07  ADDFX1
g113207__6161                  4.978e-06   1.124e-05   1.624e-05   2.578e-08  NAND2X1
g116143                        1.222e-06   1.494e-05   1.623e-05   6.814e-08  INVX3
g113593__6783                  8.994e-06   7.116e-06   1.621e-05   1.025e-07  ADDFX1
g113640__6417                  9.049e-06   6.936e-06   1.609e-05   1.025e-07  ADDFX1
g113722__4733                  8.221e-06    7.76e-06   1.608e-05    1.03e-07  ADDFX1
g113192__1617                  9.524e-06   6.506e-06   1.607e-05   3.508e-08  OR2X1
g113313__7482                  1.377e-05   2.227e-06   1.604e-05   4.567e-08  OAI22X1
g113071__8428                   9.82e-06   6.166e-06   1.602e-05   2.998e-08  NOR2X1
g113163__2802                  1.099e-05    4.95e-06   1.597e-05   3.848e-08  AOI21X1
g113647__6417                  9.383e-06   6.475e-06   1.596e-05   1.014e-07  ADDFX1
g113141__2802                  6.663e-06   9.263e-06   1.596e-05   3.069e-08  NOR2X1
g113346__5122                  1.202e-05   3.871e-06   1.595e-05   6.292e-08  CLKXOR2X1
g115613                        2.475e-06   1.342e-05   1.595e-05   5.578e-08  AND2X2
g116139                        1.222e-06   1.461e-05    1.59e-05   6.814e-08  INVX3
g113603__5107                  1.167e-05   4.046e-06   1.589e-05   1.725e-07  XOR3X1
g113405__5115                  8.259e-06    7.46e-06   1.576e-05   4.035e-08  AO21X1
g113206__5526                  7.837e-06   7.887e-06   1.576e-05   3.308e-08  AND2X1
g115604                        9.213e-07   1.478e-05   1.573e-05   2.645e-08  NOR2X1
g113718__5107                  9.354e-06   6.263e-06   1.572e-05   1.025e-07  ADDFX1
g113734__6161                  8.491e-06   7.127e-06   1.572e-05   1.008e-07  ADDFX1
g113538__6783                   9.89e-06   5.712e-06   1.566e-05   6.225e-08  XNOR2X1
g113522__5477                  1.044e-05   5.025e-06   1.557e-05   1.018e-07  ADDFX1
g113721__2398                  9.047e-06   6.367e-06   1.552e-05   1.024e-07  ADDFX1
g113781__5526                  7.952e-06   7.423e-06   1.548e-05   1.026e-07  ADDFX1
FE_RC_15_0                     1.036e-05   5.031e-06   1.546e-05   6.316e-08  CLKXOR2X1
g113518__5107                  1.004e-05   5.258e-06    1.54e-05   1.035e-07  ADDFX1
g113052                        7.722e-06    7.62e-06   1.536e-05    2.06e-08  INVX1
g115611                        2.462e-06   1.279e-05   1.531e-05   5.578e-08  AND2X2
g113033__5526                  1.079e-05   4.473e-06    1.53e-05   3.843e-08  OAI21X1
g113740__5477                  8.512e-06   6.652e-06   1.527e-05   1.025e-07  ADDFX1
g116223                        1.129e-05   3.879e-06   1.526e-05     9.4e-08  ADDHX1
g113556__6131                  1.218e-05   2.905e-06   1.526e-05   1.729e-07  XOR3X1
g113560__2883                  9.929e-06   5.253e-06   1.523e-05   5.239e-08  MX2X1
g115614                        1.505e-06   1.364e-05   1.518e-05   3.396e-08  AND2X1
g113532__7410                  9.407e-06   5.705e-06   1.516e-05   5.237e-08  MX2X1
g113123                         5.48e-06   9.645e-06   1.515e-05   2.028e-08  INVX1
g113523__1705                  1.032e-05   4.701e-06   1.513e-05   1.022e-07  ADDFX1
g113416__5107                  1.041e-05   4.668e-06   1.512e-05   4.323e-08  AOI221X1
g113140__5477                  1.243e-05   2.633e-06    1.51e-05   4.329e-08  NAND2BX1
g113195__2883                  5.701e-06   9.357e-06   1.508e-05   2.674e-08  NOR2X1
g115400                        2.807e-06   1.218e-05   1.504e-05   5.909e-08  OR2X2
g113735__1705                  8.475e-06    6.45e-06   1.503e-05   1.008e-07  ADDFX1
g113441__2883                  1.042e-05   4.521e-06     1.5e-05   6.565e-08  OAI2BB2X1
g112986__8428                  3.686e-06   1.116e-05   1.496e-05   1.144e-07  AND2X4
g113451__3680                  1.064e-05   4.099e-06   1.484e-05   1.015e-07  ADDFX1
g113009__2883                  9.151e-06    5.57e-06   1.481e-05   9.047e-08  ADDHX1
g113221__5107                  6.578e-06   8.194e-06    1.48e-05   2.584e-08  NAND2X1
g113607__4733                  1.213e-05   2.598e-06   1.479e-05   6.514e-08  AOI2BB2X1
g113270__6783                   9.09e-06   5.633e-06   1.476e-05   3.944e-08  OA21X1
g115610                        2.458e-06   1.218e-05    1.47e-05   5.578e-08  AND2X2
g113720__7098                  7.128e-06   7.458e-06   1.469e-05   9.962e-08  ADDFX1
g113646__5122                  8.868e-06   5.709e-06   1.468e-05   1.016e-07  ADDFX1
g113594__1617                  9.043e-06   5.487e-06   1.463e-05   1.026e-07  ADDFX1
g113369__7098                  7.813e-06   6.754e-06   1.461e-05   3.951e-08  OAI21X1
g115209                        1.093e-06   1.344e-05   1.458e-05    4.35e-08  INVX2
g113631__3680                  9.056e-06   5.396e-06   1.455e-05   1.025e-07  ADDFX1
g113726__2883                  9.989e-06   4.437e-06   1.453e-05   1.027e-07  ADDFX1
g115181                        1.042e-06   1.344e-05   1.452e-05   3.664e-08  NOR2X1
g113639__5122                   9.51e-06   4.897e-06   1.451e-05   1.026e-07  ADDFX1
g113621__5526                  9.373e-06   4.949e-06   1.449e-05   1.726e-07  XOR3X1
g113070                        7.259e-06   7.208e-06   1.449e-05   2.092e-08  INVX1
g113266__7410                  4.168e-06   1.029e-05   1.449e-05   2.693e-08  NOR2X1
g113784__9945                  8.517e-06   5.863e-06   1.448e-05   1.026e-07  ADDFX1
g113645__3680                  8.611e-06    5.76e-06   1.447e-05   1.015e-07  ADDFX1
g113465__2802                  9.569e-06   4.757e-06   1.439e-05   6.181e-08  XNOR2X1
g113742__7410                  8.195e-06   6.065e-06   1.436e-05   1.015e-07  ADDFX1
g113239__6260                  8.366e-06   5.955e-06   1.435e-05   3.367e-08  AND2X1
g113428__5526                  1.052e-05   3.738e-06   1.435e-05   9.524e-08  ADDHX1
g113182__8246                  1.125e-05    2.99e-06   1.427e-05   3.737e-08  AND2X1
g113727__2346                   8.52e-06   5.607e-06   1.423e-05   1.024e-07  ADDFX1
g112925__7482                  1.102e-05   3.138e-06    1.42e-05   4.685e-08  OAI2BB1X1
g113687__6161                  8.986e-06   5.033e-06   1.419e-05   1.733e-07  XNOR3X1
g112937__6161                  1.102e-05   3.101e-06   1.417e-05   4.682e-08  OAI2BB1X1
g113629__1705                   9.07e-06    4.99e-06   1.416e-05   1.025e-07  ADDFX1
FE_OFC106_n_915                1.062e-06   1.304e-05   1.415e-05    4.38e-08  INVX2
g113565__2346                   9.59e-06   4.456e-06   1.411e-05    6.36e-08  CLKXOR2X1
g113725__7098                  8.485e-06   5.497e-06   1.408e-05   1.008e-07  ADDFX1
g113349__7410                  5.945e-06   8.084e-06   1.407e-05   3.943e-08  OAI21X1
g113566__6161                  8.022e-06   5.968e-06   1.405e-05   6.318e-08  XNOR2X1
g113520__8246                  8.501e-06   5.422e-06   1.402e-05   1.017e-07  ADDFX1
g113484__6131                  9.703e-06   4.185e-06   1.399e-05   1.016e-07  ADDFX1
g113559__7098                  1.063e-05   3.137e-06   1.393e-05   1.578e-07  XOR3XL
g113780__9315                  8.189e-06    5.62e-06   1.391e-05   1.018e-07  ADDFX1
g113146__5115                  1.086e-05   2.945e-06   1.384e-05   3.773e-08  OR2X1
g113504__2883                  1.054e-05   3.126e-06   1.384e-05   1.732e-07  XOR3X1
g113539__1705                  1.114e-05   2.485e-06    1.38e-05   1.731e-07  XNOR3X1
g112920__6260                  1.104e-05   2.696e-06   1.378e-05   4.679e-08  OAI2BB1X1
FE_RC_12_0                     7.326e-06    6.36e-06   1.375e-05   6.572e-08  CLKXOR2X1
g113470__8246                  1.125e-05   2.391e-06   1.373e-05   9.429e-08  ADDHX1
g113638__6260                  8.382e-06   5.218e-06    1.37e-05   1.033e-07  ADDFX1
g113213__4733                  5.347e-06   8.297e-06   1.367e-05   2.627e-08  NOR2X1
g113240__1705                  8.017e-06   5.613e-06   1.367e-05   3.917e-08  AO21X1
g113113__5122                  9.658e-06   3.955e-06   1.364e-05   3.028e-08  NOR3X1
g113062__5107                  8.708e-06   4.897e-06   1.363e-05   2.471e-08  NOR2X1
g113440__7482                  6.103e-06   7.488e-06   1.363e-05   3.831e-08  OAI21X1
g113717__1617                  7.944e-06   5.544e-06   1.359e-05   9.963e-08  ADDFX1
g113641__1617                  9.094e-06   4.391e-06   1.359e-05   1.027e-07  ADDFX1
g113442__1705                  6.702e-06   6.824e-06   1.356e-05   3.446e-08  AOI21X1
g112919__6131                  1.103e-05   2.445e-06   1.352e-05   4.686e-08  OAI2BB1X1
g113280__3680                  4.422e-06   9.035e-06   1.348e-05   2.713e-08  NOR2X1
g113635__1705                  9.049e-06   4.304e-06   1.346e-05   1.024e-07  ADDFX1
FE_OFC20_6439                  6.503e-06   6.859e-06   1.338e-05   2.044e-08  INVX1
g112918__4733                  1.102e-05   2.268e-06   1.334e-05   4.686e-08  OAI2BB1X1
g115606                        2.477e-06   1.075e-05   1.328e-05   5.578e-08  AND2X2
g113762__5115                  9.317e-06   3.757e-06   1.325e-05   1.736e-07  XNOR3X1
g113498__2883                   1.11e-05   2.079e-06   1.323e-05   5.054e-08  AOI2BB1X1
g113642__2802                  8.896e-06   4.233e-06   1.323e-05   1.015e-07  ADDFX1
g113283__1881                  1.135e-05   1.827e-06   1.322e-05   4.293e-08  AOI22X1
g113503__5107                  1.007e-05    2.98e-06   1.322e-05   1.729e-07  XOR3X1
g115396                        1.914e-06   1.126e-05   1.321e-05   3.861e-08  AND2X1
g113731__5122                  8.153e-06   4.957e-06   1.321e-05   1.016e-07  ADDFX1
g112923__4319                  1.106e-05   2.056e-06   1.316e-05   4.688e-08  OAI2BB1X1
g113427__2346                  9.431e-06   3.631e-06   1.316e-05   9.556e-08  ADDHX1
g112935__1881                  1.101e-05   2.102e-06   1.315e-05   4.685e-08  OAI2BB1X1
g113348__8246                  1.036e-05    2.75e-06   1.315e-05   4.324e-08  AOI22X1
g112931__3680                  1.103e-05   2.067e-06   1.314e-05   4.687e-08  OAI2BB1X1
g112921__8246                  1.104e-05   2.056e-06   1.314e-05   4.679e-08  OAI2BB1X1
g113298__1705                  4.007e-06   9.094e-06   1.313e-05   2.662e-08  NOR2X1
g112924__6783                  1.107e-05   1.961e-06   1.308e-05   4.688e-08  OAI2BB1X1
g113147__1617                  1.125e-05   1.779e-06   1.307e-05   3.413e-08  NOR2BX1
g112936__5122                  1.103e-05   1.989e-06   1.306e-05   4.682e-08  OAI2BB1X1
g112939__5107                  1.108e-05   1.937e-06   1.306e-05   4.689e-08  OAI2BB1X1
g113782__8246                  8.509e-06   4.428e-06   1.304e-05   1.025e-07  ADDFX1
g113226__1666                  6.436e-06   6.571e-06   1.304e-05   3.355e-08  AOI21X1
g112927__9315                  1.101e-05   1.981e-06   1.303e-05   4.685e-08  OAI2BB1X1
g112922__9945                  1.101e-05    1.98e-06   1.303e-05   4.685e-08  OAI2BB1X1
g115867                        1.542e-06   1.142e-05   1.302e-05   5.347e-08  AND2X2
g112933__1705                  1.101e-05   1.918e-06   1.297e-05   4.685e-08  OAI2BB1X1
g112917__2802                  1.101e-05   1.908e-06   1.297e-05   4.685e-08  OAI2BB1X1
g112928__5526                    1.1e-05   1.918e-06   1.296e-05   4.685e-08  OAI2BB1X1
g112930__2398                  1.101e-05   1.904e-06   1.296e-05   4.685e-08  OAI2BB1X1
g115848                        2.949e-06   9.898e-06   1.296e-05   1.157e-07  AND2X4
FE_OFC80_n_1685                 1.07e-06   1.183e-05   1.294e-05   4.218e-08  INVX2
g116043                        1.221e-06   1.165e-05   1.294e-05   6.814e-08  INVX3
g112932__1617                  1.101e-05   1.864e-06   1.292e-05   4.682e-08  OAI2BB1X1
g112934__7098                  1.101e-05   1.843e-06    1.29e-05   4.685e-08  OAI2BB1X1
g112926__5115                  1.102e-05   1.828e-06    1.29e-05   4.685e-08  OAI2BB1X1
g112972__7410                  1.141e-05   1.406e-06   1.286e-05   4.798e-08  OAI2BB1X1
g113184__2346                  6.885e-06   5.949e-06   1.286e-05   2.883e-08  NOR2X1
g113737__4319                  6.746e-06   5.994e-06   1.284e-05   9.965e-08  ADDFX1
g113246__5526                  4.441e-06   8.355e-06   1.283e-05    3.62e-08  NOR2X1
g112938__2883                  1.107e-05   1.691e-06   1.281e-05   4.689e-08  OAI2BB1X1
g112929__8428                  1.101e-05   1.704e-06   1.276e-05   4.685e-08  OAI2BB1X1
g113643__5477                  8.521e-06    4.13e-06   1.275e-05   1.025e-07  ADDFX1
g113161                        4.467e-06   8.201e-06   1.269e-05   2.016e-08  INVX1
g113130__1666                  9.546e-06   3.033e-06   1.261e-05   2.691e-08  NAND2X1
g116032                        2.888e-06   9.567e-06   1.257e-05   1.149e-07  NOR2X4
FE_OFC68_n_1562                7.367e-07   1.178e-05   1.256e-05    4.44e-08  INVX2
g113160__7482                  6.243e-06   6.265e-06   1.254e-05   3.496e-08  NOR2X1
g113098                         6.46e-06   6.013e-06   1.249e-05   2.121e-08  INVX1
FE_OFC115_n_732                1.064e-06   1.137e-05   1.247e-05    4.38e-08  INVX2
g113157__1666                  7.708e-06   4.723e-06   1.246e-05   3.138e-08  NAND2X1
g113637__4319                  7.564e-06   4.777e-06   1.244e-05   1.014e-07  ADDFX1
FE_RC_5_0                      6.043e-06   6.304e-06   1.241e-05   6.438e-08  CLKXOR2X1
g113253__9315                  5.321e-06   7.049e-06    1.24e-05   3.414e-08  NOR2X1
g113215__2883                  5.748e-06   6.603e-06   1.238e-05    2.53e-08  NAND2X1
FE_OFC119_n_304                1.005e-06   1.129e-05   1.234e-05    4.38e-08  INVX2
g113234__3680                   1.04e-05   1.898e-06   1.234e-05   4.451e-08  NOR2BX1
g115844                         9.86e-07   1.131e-05   1.233e-05   2.802e-08  NAND2X1
g113095                        6.033e-06   6.266e-06   1.232e-05   2.032e-08  INVX1
g113400__8428                  7.409e-06   4.816e-06   1.226e-05   3.937e-08  AOI21X1
g113822__4319                  6.268e-06    5.93e-06   1.225e-05   5.239e-08  MX2X1
g113829__6783                  8.662e-06   3.384e-06   1.222e-05   1.727e-07  XOR3X1
g113579__7410                  8.549e-06   3.616e-06   1.222e-05   5.238e-08  MX2X1
g113134__6417                  7.974e-06    4.19e-06   1.219e-05   2.878e-08  NAND2X1
g115866                        2.949e-06   9.088e-06   1.215e-05   1.157e-07  AND2X4
g113180__5122                  8.074e-06   3.953e-06   1.213e-05    1.01e-07  ADDFX1
g113644__1705                  8.148e-06    3.87e-06   1.212e-05   1.014e-07  ADDFX1
g113214__2346                  6.446e-06   5.571e-06   1.204e-05   2.704e-08  NOR2X1
g115856                        3.857e-06   8.008e-06   1.199e-05   1.267e-07  NOR2X4
g113585__6131                  9.456e-06   2.325e-06   1.195e-05   1.726e-07  XOR3X1
g115863                        9.807e-07   1.092e-05   1.193e-05   3.142e-08  AND2X1
g114273                        5.924e-06   5.755e-06   1.191e-05   2.353e-07  NOR3X4
g113401__6131                  8.855e-06    2.97e-06   1.188e-05   5.268e-08  MX2X1
g115397                         1.93e-06   9.907e-06   1.187e-05   3.861e-08  AND2X1
g113826__6161                  9.004e-06   2.681e-06   1.186e-05   1.733e-07  XNOR3X1
g113694__5107                  8.814e-06   2.851e-06   1.184e-05   1.725e-07  XOR3X1
FE_RC_1_0                      4.649e-06   7.104e-06   1.182e-05   6.351e-08  XNOR2X1
g113634__2802                  6.956e-06   4.664e-06   1.172e-05   1.015e-07  ADDFX1
g113296__6417                  4.834e-06    6.86e-06   1.172e-05    2.66e-08  NOR2X1
g114121__6161                  2.462e-06   9.172e-06   1.167e-05   3.895e-08  AOI21X1
g113300__1617                  6.449e-06   5.158e-06   1.164e-05    2.86e-08  NOR2X1
FE_OFC92_n_1535                9.246e-07   1.063e-05   1.159e-05   4.424e-08  INVX2
g113426__6131                  9.432e-06    2.07e-06   1.159e-05   9.089e-08  ADDHX1
g113235__5122                    4.7e-06   6.853e-06   1.158e-05   2.648e-08  NOR2X1
g113835__8246                  6.793e-06   4.638e-06   1.153e-05   1.004e-07  ADDFX1
g113350__1666                  6.759e-06   4.725e-06   1.152e-05   3.885e-08  OAI21X1
g113463__1617                  6.938e-06    4.53e-06   1.151e-05   4.054e-08  AO21X1
g113689__6417                  8.907e-06   2.423e-06   1.149e-05   1.598e-07  XNOR3XL
g113279__7098                  9.333e-06    2.07e-06   1.145e-05   4.403e-08  NOR2BX1
g113719__2398                  8.194e-06   3.141e-06   1.144e-05   1.025e-07  ADDFX1
g113818__7482                  9.039e-06   2.193e-06    1.14e-05   1.727e-07  XOR3X1
FE_RC_14_0                     7.486e-06    3.85e-06    1.14e-05   6.415e-08  CLKXOR2X1
g113499__3680                  7.002e-06   4.332e-06   1.138e-05   4.044e-08  AO21X1
g113120__1881                  8.663e-06   2.648e-06   1.135e-05     3.5e-08  AND4X1
g112997__1705                  6.087e-06   5.152e-06   1.131e-05   7.046e-08  XNOR2X1
g113586__9315                  4.546e-06   6.716e-06    1.13e-05   3.798e-08  OAI21X1
g113078                        6.584e-06    4.65e-06   1.125e-05   2.032e-08  INVX1
g115871                        5.627e-07    1.06e-05   1.118e-05   2.066e-08  INVX1
g113695__6131                  8.685e-06   2.319e-06   1.118e-05   1.733e-07  XNOR3X1
g113404__5107                  5.578e-06   5.522e-06   1.113e-05   3.255e-08  NOR2X1
g113736__8428                  6.945e-06   4.077e-06   1.112e-05   1.015e-07  ADDFX1
g113820__4733                  8.618e-06   2.329e-06   1.112e-05   1.733e-07  XNOR3X1
g113914__6260                  5.521e-06   5.481e-06    1.11e-05   9.529e-08  ADDHX1
g113816__2883                  6.781e-06   4.239e-06   1.107e-05   5.256e-08  MX2X1
g113500__1617                  8.323e-06   2.669e-06   1.105e-05   6.318e-08  XNOR2X1
g113959__7410                  4.797e-06   6.143e-06   1.101e-05   6.513e-08  AOI2BB2X1
g113263__7098                  6.901e-06   4.041e-06   1.097e-05    2.47e-08  NAND2X1
g113362__5115                  5.656e-06   5.269e-06   1.095e-05   2.842e-08  NAND2X1
g113345__7098                  8.171e-06   2.739e-06   1.095e-05   3.605e-08  OR2X1
g113281__6783                  4.527e-06   6.364e-06   1.092e-05   3.358e-08  NOR2X1
g113264__1617                  5.852e-06   5.003e-06   1.089e-05   3.301e-08  AND2X1
g115925                        1.549e-06   9.188e-06   1.079e-05   5.347e-08  AND2X2
g113580__6260                  6.876e-06   3.839e-06   1.078e-05   6.446e-08  XNOR2X1
g113251__6161                  7.911e-06   2.766e-06   1.078e-05    1.01e-07  ADDFX1
g115860                        2.014e-06   8.612e-06   1.073e-05    1.03e-07  NOR2X4
g114046                        4.557e-06   6.088e-06   1.073e-05   8.058e-08  OAI21X2
g113813__2883                  8.521e-06   2.017e-06   1.071e-05   1.725e-07  XOR3X1
g115596                        3.356e-06   7.161e-06   1.064e-05   1.182e-07  NAND2X4
g113872__7410                  4.001e-06   6.557e-06   1.062e-05    6.63e-08  AOI2BB2X1
g113757__9945                  8.001e-06   2.432e-06   1.059e-05   1.579e-07  XOR3XL
g113732__5526                   7.11e-06   3.363e-06   1.057e-05   1.017e-07  ADDFX1
g113186__5477                  6.525e-06   3.956e-06   1.051e-05   3.171e-08  NAND2X1
g113282__6131                  7.985e-06   2.482e-06    1.05e-05   3.768e-08  OR2X1
g115747                        1.065e-06   9.395e-06    1.05e-05    4.38e-08  INVX2
g113971__2802                  2.598e-06   7.807e-06   1.048e-05   7.476e-08  NAND2X2
g113297__3680                  5.522e-06   4.895e-06   1.045e-05   3.296e-08  AND2X1
g116031                        2.878e-06   7.457e-06   1.045e-05   1.156e-07  NAND2X4
g113561__2398                  5.275e-06   5.135e-06   1.045e-05   3.933e-08  OAI21X1
g114102__4733                  4.523e-06   5.843e-06   1.045e-05   8.306e-08  OAI21X2
g113534__2398                   5.39e-06   4.997e-06   1.042e-05   3.711e-08  OAI21X1
g113244__8428                  6.753e-06   3.623e-06   1.041e-05    3.64e-08  OR2X1
g113577__5115                  4.313e-06   6.053e-06    1.04e-05   3.784e-08  OAI21X1
g113533__7410                  7.421e-06   2.875e-06   1.036e-05   6.296e-08  XNOR2X1
g113128__6161                  6.641e-06   3.667e-06   1.034e-05   3.124e-08  AND2X1
g113252__8428                  8.016e-06   2.281e-06   1.034e-05     3.9e-08  OAI21X1
g113956                        2.861e-06   7.411e-06   1.031e-05   3.475e-08  AND2X1
g114608                        1.344e-06   8.902e-06   1.028e-05   3.685e-08  NOR2X1
g113156__3680                  6.836e-06   3.396e-06   1.027e-05    3.44e-08  NOR2X1
g115749                        6.433e-07   9.547e-06   1.023e-05   4.144e-08  INVX2
g113552__7410                  9.022e-06   1.163e-06   1.023e-05   4.574e-08  AOI2BB1X1
g114202__8246                  2.924e-06   7.231e-06   1.021e-05   5.535e-08  NAND2X2
g113319__7482                  7.584e-06   2.513e-06    1.02e-05    1.01e-07  ADDFX1
g113457__2346                  5.778e-06   4.332e-06   1.014e-05   3.345e-08  AND2X1
g113692__1666                  6.391e-06   3.643e-06    1.01e-05   6.325e-08  XNOR2X1
g115184                        9.778e-07   9.082e-06   1.008e-05   2.471e-08  NOR2X1
g113958__4319                  1.379e-06   8.612e-06   1.002e-05   2.931e-08  NOR2X1
g113888__1881                  5.373e-06   4.586e-06   1.002e-05    6.21e-08  CLKXOR2X1
g113730__6783                   6.92e-06   2.999e-06   1.002e-05   1.007e-07  ADDFX1
g115612                        9.106e-07   9.014e-06   9.951e-06   2.655e-08  NAND2X1
g113397__5122                  6.933e-06   2.913e-06   9.947e-06    1.01e-07  ADDFX1
g113403__5115                  6.131e-06    3.77e-06    9.94e-06   3.787e-08  OAI21X1
FE_RC_7_0                      5.764e-06   4.073e-06   9.902e-06   6.496e-08  XNOR2X1
g113803__5107                  2.662e-06   7.195e-06   9.893e-06   3.562e-08  NOR2X1
g113602__2883                  3.254e-06   6.606e-06   9.891e-06   3.162e-08  NOR2X1
g115623                        1.437e-06   8.389e-06   9.878e-06   5.255e-08  AND2X2
FE_OFC76_n_1277                9.902e-07   8.843e-06   9.877e-06   4.424e-08  INVX2
g113965__3680                  2.419e-06   7.344e-06   9.846e-06   8.264e-08  NOR2X2
g113610__4319                  7.796e-06   1.977e-06   9.838e-06   6.452e-08  CLKXOR2X1
g114259                        1.784e-06   8.006e-06    9.82e-06   2.987e-08  NAND2X1
g113183__4733                  7.262e-06   2.456e-06   9.748e-06   3.043e-08  NOR2X1
g113394__4319                   7.62e-06   2.066e-06   9.721e-06   3.516e-08  OR2X1
g115845                        1.985e-06   7.667e-06   9.711e-06   5.892e-08  NOR2X2
g113392__7482                  4.172e-06    5.48e-06   9.686e-06   3.482e-08  OR2X1
g114035__6783                  2.573e-06   7.061e-06   9.682e-06   4.806e-08  NOR2X2
g113189__2398                  5.172e-06   4.458e-06   9.665e-06    3.54e-08  NOR2X1
g115602                        2.002e-06   7.547e-06   9.637e-06   8.842e-08  NOR2X4
g113912__5107                  7.137e-06   2.377e-06   9.613e-06   9.949e-08  ADDFX1
g113824__2398                  5.209e-06    4.34e-06   9.612e-06    6.31e-08  CLKXOR2X1
g114251                        6.236e-06   3.105e-06   9.573e-06   2.325e-07  NOR3X4
g113760__1617                  6.661e-06   2.849e-06   9.573e-06   6.334e-08  XNOR2X1
g114804                        2.271e-06   7.192e-06   9.536e-06   7.313e-08  NOR2X2
g114113__9315                  4.682e-06   4.801e-06    9.53e-06   4.611e-08  OAI2BB1X1
g113827__8246                  2.941e-06   6.537e-06   9.513e-06    3.43e-08  NOR2X1
g114429                        4.387e-06   5.028e-06   9.495e-06   8.068e-08  OAI21X2
g114138                        7.202e-06   2.183e-06   9.486e-06    1.01e-07  ADDHX1
g113321__9945                  7.482e-06   1.963e-06   9.481e-06   3.667e-08  NAND2BX1
g115615                        5.524e-07   8.907e-06   9.479e-06   1.978e-08  NOR2X1
g113312__4733                  5.913e-06    3.53e-06   9.471e-06   2.762e-08  NAND2X1
g113799__5477                  5.885e-06   3.447e-06   9.396e-06   6.373e-08  CLKXOR2X1
g114592                         5.18e-06   4.054e-06   9.351e-06   1.172e-07  AOI221X2
g115385                        5.123e-06   4.133e-06   9.347e-06   9.125e-08  AOI2BB1X2
g115857                        2.054e-06   7.186e-06   9.343e-06    1.03e-07  NOR2X4
FE_RC_6_0                      4.359e-06   4.906e-06   9.328e-06   6.317e-08  CLKXOR2X1
g115182                        1.544e-06    7.73e-06   9.327e-06   5.324e-08  AND2X2
g112987                          9.2e-07   8.383e-06   9.323e-06    2.05e-08  INVX1
FE_RC_0_0                      5.197e-06   4.063e-06   9.322e-06   6.207e-08  CLKXOR2X1
g113584__8428                  4.958e-06   4.266e-06   9.265e-06   4.048e-08  AO21X1
g115601                        1.439e-06    7.77e-06   9.261e-06   5.255e-08  AND2X2
g115723                        1.585e-06   7.603e-06   9.243e-06   5.574e-08  OR2X2
g115843                        1.891e-06   7.279e-06    9.24e-06   7.075e-08  NOR2X2
g113006__6161                  5.647e-06   3.464e-06   9.199e-06   8.689e-08  ADDHX1
g113003__5115                  5.873e-06   3.212e-06   9.171e-06   8.629e-08  ADDHX1
g113399__7098                  6.423e-06   2.698e-06   9.167e-06   4.573e-08  OAI22X1
g115854                        2.057e-06    6.99e-06    9.15e-06    1.03e-07  NOR2X4
g112975__6161                  7.884e-06    1.21e-06   9.142e-06   4.798e-08  OAI2BB1X1
g113535__3680                  6.629e-06   2.442e-06   9.134e-06   6.307e-08  XNOR2X1
g113437__5122                  4.802e-06   4.287e-06   9.125e-06   3.598e-08  OAI21X1
g113455__4319                   5.39e-06   3.687e-06   9.111e-06   3.382e-08  AND2X1
g113008__9945                  5.538e-06    3.44e-06   9.066e-06   8.808e-08  ADDHX1
g114045                        4.219e-06   4.793e-06   9.063e-06   5.015e-08  AOI2BB1X1
g113696__5115                  5.615e-06   3.366e-06   9.042e-06   6.017e-08  CLKXOR2X1
g113320__9315                  7.398e-06   1.563e-06   8.998e-06   3.637e-08  NOR2BX1
g113738__5122                  5.729e-06   3.149e-06   8.979e-06   1.007e-07  ADDFX1
g113871__9315                   5.04e-06   3.858e-06   8.977e-06   7.845e-08  OAI21X2
g113751__5115                  6.192e-06   2.719e-06   8.973e-06    6.23e-08  XNOR2X1
g113554__6260                  3.507e-06   5.418e-06   8.964e-06   3.898e-08  OAI21X1
g113247__4733                  5.282e-06   3.641e-06   8.956e-06   3.251e-08  NOR2X1
g115989                        1.463e-06     7.4e-06   8.916e-06   5.404e-08  NAND2X2
g113364__6260                  6.003e-06   2.874e-06   8.909e-06   3.217e-08  AND2X1
g113367__5526                  4.839e-06   4.027e-06   8.904e-06   3.687e-08  AND2X1
g113200                        3.168e-06   5.702e-06   8.892e-06    2.14e-08  INVX1
g113913                        6.839e-06   1.922e-06   8.863e-06   1.017e-07  ADDHX1
g113622__6161                  5.991e-06    2.78e-06   8.834e-06   6.257e-08  CLKXOR2X1
g115868                        5.341e-07   8.274e-06   8.831e-06   2.302e-08  NOR2X1
g114199__4319                  3.754e-06   4.991e-06   8.819e-06   7.396e-08  AOI21X2
g113583__9315                  4.461e-06   4.313e-06   8.811e-06   3.756e-08  OAI21X1
g115924                        1.594e-06    7.17e-06   8.802e-06   3.783e-08  AND2X1
g113886__5115                   7.21e-06   1.419e-06   8.787e-06    1.58e-07  XOR3XL
g113460__7482                  5.068e-06   3.674e-06   8.779e-06   3.677e-08  OAI21X1
g115861                        1.027e-06   7.703e-06   8.759e-06   2.851e-08  NOR2X1
g113505__9315                  5.348e-06   3.363e-06   8.753e-06   4.208e-08  AO22X1
g113911                        6.412e-06   2.228e-06   8.741e-06   1.016e-07  ADDHX1
g115850                        9.845e-07   7.729e-06   8.741e-06   2.802e-08  NAND2X1
g114407                        4.543e-06   4.092e-06   8.732e-06   9.695e-08  OAI22X2
g115849                        1.566e-06   7.113e-06   8.714e-06   3.549e-08  AND2X1
g113254__8246                  5.211e-06   3.467e-06    8.71e-06    3.16e-08  NAND2X1
FE_OFC100_n_1127               9.986e-07   7.662e-06   8.705e-06   4.424e-08  INVX2
g114022__5107                  2.485e-06   6.177e-06   8.702e-06   4.038e-08  OAI21X1
g114601                        5.877e-06   2.707e-06   8.696e-06   1.121e-07  OAI221X2
g113809__7098                  5.776e-06   2.859e-06   8.688e-06   5.306e-08  MX2X1
g113464__9315                  5.339e-06   3.308e-06   8.684e-06   3.745e-08  OR2X1
g113002__1881                  5.531e-06   3.067e-06   8.684e-06   8.599e-08  ADDHX1
g113823__6131                  5.117e-06   3.499e-06   8.679e-06   6.374e-08  XNOR2X1
g113620__2346                  4.133e-06   4.504e-06   8.677e-06    3.95e-08  OAI21X1
g114576                        5.139e-06    3.42e-06   8.676e-06   1.172e-07  AOI221X2
FE_OFC112_n_359                9.351e-07    7.69e-06   8.668e-06   4.262e-08  INVX2
g113414__6260                  6.018e-06   2.602e-06   8.656e-06   3.548e-08  AND2X1
g113582__2346                  4.628e-06   3.989e-06   8.655e-06   3.835e-08  AOI21X1
FE_RC_11_0                     5.773e-06    2.81e-06   8.646e-06   6.279e-08  CLKXOR2X1
g114254__7410                  2.996e-06   5.576e-06   8.635e-06   6.369e-08  NAND2X2
g114184                        1.746e-06   6.834e-06   8.609e-06   2.849e-08  NOR2X1
g114557                        5.856e-06   2.635e-06   8.603e-06   1.121e-07  OAI221X2
g114112__7482                  4.437e-06   4.078e-06   8.592e-06   7.751e-08  OAI21X2
g113199                        3.073e-06   5.495e-06   8.589e-06    2.02e-08  INVX1
g114106                        4.541e-06   3.999e-06   8.588e-06   4.753e-08  AOI2BB1X1
g113395__5122                  5.821e-06   2.732e-06   8.588e-06   3.422e-08  OR2X1
g114425                         4.33e-06   4.105e-06   8.482e-06    4.61e-08  OAI2BB1X1
g114120__4733                  4.703e-06   3.711e-06    8.46e-06   4.611e-08  OAI2BB1X1
g114010__6417                  4.549e-06   3.827e-06   8.458e-06   8.204e-08  OAI21X2
FE_RC_8_0                      5.467e-06   2.919e-06   8.451e-06   6.505e-08  CLKXOR2X1
g113764__5477                  5.078e-06   3.263e-06   8.405e-06   6.377e-08  XNOR2X1
g113864__6417                  4.822e-06   3.531e-06   8.398e-06   4.464e-08  AOI2BB1X1
FE_OFC110_n_1509               5.457e-07   7.825e-06   8.391e-06    2.05e-08  INVX1
g113783__1881                  6.693e-06   1.599e-06   8.385e-06    9.39e-08  ADDHX1
g115926                        5.473e-07   7.783e-06   8.353e-06   2.302e-08  NOR2X1
g114452                        2.423e-06   5.883e-06   8.345e-06   3.892e-08  AND2X1
g113691__7098                  2.558e-06   5.726e-06   8.315e-06   3.034e-08  AOI21X1
g114018                        2.348e-06   5.907e-06   8.294e-06   3.875e-08  OAI21X1
g113576__9945                  4.556e-06   3.679e-06   8.271e-06   3.587e-08  AOI21X1
g113363__2398                  6.611e-06   1.622e-06   8.268e-06   3.493e-08  OR2X1
g113461__4733                  3.362e-06   4.861e-06   8.256e-06   3.353e-08  OAI21X1
g113766__2802                   5.13e-06   3.052e-06   8.243e-06   6.114e-08  CLKXOR2X1
g113879__8428                  2.746e-06   5.432e-06   8.217e-06   3.899e-08  AOI21X1
g113324__2802                  3.734e-06   4.457e-06   8.217e-06   2.613e-08  NOR2X1
g113557__7482                  3.778e-06   4.392e-06   8.203e-06   3.357e-08  NOR2X1
g113224__1617                  7.004e-06   1.152e-06   8.189e-06   3.365e-08  NAND2BX1
g113683__9945                  5.973e-06   2.146e-06   8.183e-06   6.338e-08  CLKXOR2X1
g113537__5477                  4.906e-06   3.221e-06   8.166e-06   3.918e-08  OAI21X1
g113617__3680                  4.097e-06    3.98e-06   8.117e-06   3.963e-08  OAI21X1
g113371                         3.24e-06   4.827e-06   8.087e-06   2.082e-08  INVX1
g113519__3680                  5.821e-06   2.143e-06   8.065e-06    1.01e-07  ADDFX1
g112976__4733                  6.943e-06   1.062e-06   8.053e-06   4.798e-08  OAI2BB1X1
g112977__9945                  6.534e-06   1.464e-06   8.046e-06   4.798e-08  OAI2BB1X1
g112978__1666                  6.038e-06   1.954e-06    8.04e-06   4.798e-08  OAI2BB1X1
g113969__7098                   5.21e-06    2.76e-06   8.034e-06   6.365e-08  XNOR2X1
g114420                        4.178e-06   3.801e-06   8.028e-06   4.926e-08  AOI2BB1X1
g113885__8246                  4.535e-06   3.431e-06   8.019e-06    5.28e-08  MX2X1
g114194                        2.786e-06   5.148e-06   8.003e-06   6.899e-08  NAND2X2
g113529__1666                  4.982e-06   2.979e-06   7.999e-06   3.887e-08  OAI21X1
FE_OFC75_n_1256                5.333e-07   7.444e-06   7.999e-06    2.14e-08  INVX1
g113497__5115                  6.814e-06   1.127e-06    7.98e-06   3.961e-08  AOI2BB1X1
g115392                          4.1e-06   3.803e-06   7.978e-06   7.415e-08  OAI21X2
g113877__5526                  3.157e-06   4.783e-06   7.977e-06   3.693e-08  OAI21X1
g113581__1617                  3.505e-06   4.432e-06   7.968e-06   3.084e-08  NAND2X1
g112980__2883                  6.858e-06   1.049e-06   7.955e-06   4.798e-08  OAI2BB1X1
g114077                         4.98e-06   2.907e-06   7.953e-06   6.592e-08  AOI2BB2X1
g113789__4733                  6.291e-06   1.553e-06   7.897e-06   5.276e-08  AOI2BB1X1
g114400                        1.543e-06   6.311e-06   7.884e-06   2.987e-08  NOR2X1
g113616__1705                  5.191e-06   2.631e-06   7.883e-06   6.178e-08  CLKXOR2X1
g115852                        2.086e-06   5.681e-06   7.873e-06   1.056e-07  NAND2X4
g115395                        1.989e-06     5.8e-06   7.866e-06   7.714e-08  NOR2X2
g114590                        1.392e-06   6.438e-06   7.863e-06   3.341e-08  NAND2X1
g114036__6783                  2.349e-06   5.469e-06   7.858e-06   3.926e-08  OAI21X1
g114438                        4.381e-06   3.374e-06   7.835e-06   8.068e-08  OAI21X2
g115950                         8.66e-07   6.923e-06   7.831e-06   4.203e-08  INVX2
g113228                        4.396e-06   3.409e-06   7.826e-06   2.082e-08  INVX1
g113680__1881                  4.451e-06   3.339e-06   7.824e-06   3.384e-08  AND2X1
g113964__1666                   1.47e-06   6.274e-06   7.771e-06     2.7e-08  NAND2X1
FE_RC_4_0                      5.162e-06   2.521e-06   7.745e-06   6.236e-08  XNOR2X1
g113834__8428                  6.117e-06    1.53e-06   7.745e-06   9.743e-08  ADDHX1
g114245__9315                  4.668e-06   2.995e-06   7.742e-06    7.93e-08  OAI2BB1X2
g112979__2346                  6.745e-06   9.457e-07   7.739e-06   4.798e-08  OAI2BB1X1
g114435                        1.422e-06   6.265e-06    7.72e-06    3.28e-08  NAND2X1
g113892__3680                  5.189e-06    2.48e-06   7.713e-06   4.324e-08  OAI2BB2XL
g114430                        2.341e-06   5.276e-06   7.655e-06   3.786e-08  OR2X1
g112998__5122                  5.043e-06   2.571e-06   7.654e-06   3.874e-08  NAND2BX1
g114033__5526                   1.46e-06   6.158e-06   7.651e-06   3.228e-08  NAND2X1
FE_RC_9_0                       3.99e-06   3.587e-06   7.642e-06   6.505e-08  CLKXOR2X1
g113690__5477                  4.592e-06   2.991e-06   7.626e-06    4.32e-08  OAI22X1
g113433__4319                  5.071e-06   2.517e-06    7.62e-06   3.256e-08  AND2X1
g115608                        1.772e-06   5.786e-06   7.613e-06   5.507e-08  NAND2X2
g113570__1705                  5.824e-06   1.679e-06   7.598e-06   9.454e-08  ADDHX1
g115394                        1.285e-06   6.279e-06   7.596e-06   3.099e-08  NOR2X1
g114624                        4.252e-06   3.239e-06   7.582e-06   9.125e-08  OAI211X2
g113825__5122                  4.913e-06   2.625e-06    7.58e-06   4.188e-08  OAI22X1
g113605__5477                  5.868e-06   1.615e-06   7.547e-06   6.311e-08  XNOR2X1
g114015__5477                  4.157e-06   3.341e-06   7.547e-06   4.858e-08  AOI2BB1X1
g113763__2346                  4.879e-06   2.591e-06   7.534e-06   6.298e-08  XNOR2X1
g113792__1617                  6.472e-06   1.016e-06   7.533e-06   4.433e-08  AOI2BB1X1
g113393__5107                  5.856e-06   1.642e-06    7.53e-06   3.255e-08  AND2X1
g113574__4319                  4.525e-06   2.948e-06   7.512e-06   3.924e-08  OAI21X1
g114040__3680                  2.353e-06   5.117e-06   7.509e-06   3.926e-08  OAI21X1
g115600                         9.52e-07    6.49e-06   7.469e-06   2.763e-08  NAND2X1
g114628                        5.121e-06   2.214e-06   7.453e-06   1.171e-07  AOI221X2
g113575__4319                  6.312e-06   1.057e-06   7.432e-06   6.282e-08  CLKXOR2X1
g113967__6260                   2.78e-06   4.592e-06   7.412e-06    3.95e-08  OAI21X1
FE_RC_10_0                     4.543e-06   2.796e-06   7.407e-06    6.69e-08  CLKXOR2X1
g114431                        1.505e-06   5.867e-06   7.405e-06    3.29e-08  NAND2X1
g113454__5115                  3.647e-06   3.715e-06   7.391e-06   2.878e-08  NOR2X1
g113876__7482                  2.372e-06   4.977e-06   7.383e-06   3.431e-08  NOR2X1
g114414                        2.972e-06   4.308e-06   7.345e-06    6.47e-08  NAND2X2
g113456__2883                  3.538e-06   3.774e-06   7.339e-06   2.577e-08  NOR2X1
g114427                        3.707e-06    3.57e-06   7.327e-06   5.009e-08  AOI2BB1X1
FE_OFC89_n_360                 5.681e-07   6.716e-06   7.326e-06   4.144e-08  INVX2
g113966__2883                  3.034e-06   4.228e-06     7.3e-06   3.727e-08  OAI21X1
g113693__3680                  3.351e-06   3.898e-06   7.288e-06   3.973e-08  OAI21X1
g114580                        1.345e-06   5.902e-06   7.283e-06   3.685e-08  NOR2X1
g114118                        3.052e-06   4.171e-06   7.263e-06   4.022e-08  OA21X1
g114108__2346                  4.754e-06   2.445e-06   7.262e-06   6.417e-08  CLKXOR2X1
g115862                        5.592e-07   6.671e-06   7.254e-06    2.41e-08  NAND2X1
g114587                        3.002e-06   4.183e-06   7.235e-06   5.037e-08  OAI221X1
g112999__8246                   5.23e-06   1.919e-06   7.235e-06   8.584e-08  ADDHX1
g114088                        1.589e-06   5.606e-06   7.225e-06   2.937e-08  NOR2X1
g114024__5477                   4.54e-06   2.599e-06    7.22e-06   8.073e-08  OAI21X2
g114038__1617                  2.356e-06   4.776e-06   7.171e-06   3.926e-08  OAI21X1
g113681__8428                  5.613e-06   1.485e-06   7.165e-06   6.662e-08  XNOR2X1
g113412__6260                  4.614e-06    2.52e-06   7.165e-06   3.069e-08  NOR2X1
g115840                        9.899e-07   6.115e-06   7.133e-06   2.802e-08  NAND2X1
g113295__6161                  4.321e-06   2.754e-06   7.101e-06   2.605e-08  NOR2X1
FE_OFC60_n_1484                6.637e-07   6.411e-06   7.096e-06   2.049e-08  INVX1
g114009__1881                  2.348e-06     4.7e-06   7.087e-06   3.875e-08  OAI21X1
g114437                        3.588e-06    3.45e-06   7.083e-06   4.485e-08  OAI22X1
g113817__5526                  3.259e-06   3.777e-06   7.077e-06   3.995e-08  OAI21X1
g113612__8428                   4.14e-06   2.888e-06   7.067e-06   3.885e-08  OAI21X1
g114568                        5.227e-06   1.699e-06   7.043e-06   1.168e-07  AOI221X2
g113791__4733                  2.479e-06   4.509e-06   7.023e-06   3.501e-08  NOR2X1
g113229                        3.506e-06   3.456e-06   6.982e-06   2.075e-08  INVX1
g113882__2398                  2.991e-06   3.949e-06   6.977e-06   3.684e-08  AOI21X1
g115386                        3.203e-06   3.719e-06   6.973e-06   5.074e-08  AOI2BB1X1
g113138__1617                  5.402e-06   1.507e-06   6.972e-06   6.315e-08  CLKXOR2X1
g113767__5526                  5.093e-06   1.812e-06    6.97e-06   6.414e-08  XNOR2X1
g113887__9945                  3.255e-06   3.675e-06    6.97e-06   3.919e-08  OAI21X1
g114019                        4.197e-06   2.721e-06   6.967e-06   4.899e-08  AOI2BB1X1
g114421                         2.02e-06   4.877e-06   6.937e-06   3.978e-08  AND2X1
g113436__9945                  4.413e-06   2.478e-06   6.925e-06   3.425e-08  NOR2X1
g113946__2346                  5.986e-06   8.827e-07   6.919e-06   4.974e-08  AOI2BB1X1
g114044__2802                  4.557e-06   2.278e-06   6.917e-06   8.204e-08  OAI21X2
g114103__7098                  1.558e-06    5.32e-06   6.911e-06   3.286e-08  NOR2X1
g115177                         2.32e-06   4.525e-06   6.906e-06   6.153e-08  NAND2X2
g113551__6161                  5.388e-06   1.468e-06   6.894e-06   3.679e-08  NAND2BX1
FE_RC_3_0                      4.943e-06   1.877e-06   6.883e-06   6.307e-08  CLKXOR2X1
g114593                        2.419e-06   4.419e-06   6.877e-06   3.892e-08  AND2X1
g113970__6161                  4.531e-06   2.301e-06   6.871e-06   3.931e-08  OAI22X1
g113890__1617                  2.055e-06   4.769e-06   6.858e-06   3.434e-08  NOR2X1
g115836                        1.895e-06   4.857e-06   6.823e-06   7.075e-08  NOR2X2
g114613                        3.481e-06    3.28e-06   6.807e-06   4.518e-08  OAI2BB1X1
g114591                        3.406e-06   3.352e-06   6.803e-06   4.518e-08  OAI2BB1X1
g115380                        4.402e-06   2.283e-06   6.803e-06   1.183e-07  AOI221X2
g114440                        1.999e-06   4.764e-06   6.803e-06   3.923e-08  AND2X1
g113891__6131                  4.809e-06   1.925e-06   6.794e-06   5.919e-08  XNOR2X1
g114197                        3.008e-06   3.663e-06   6.781e-06   1.106e-07  NOR3X2
FE_OFC98_n_1331                9.962e-07   5.736e-06   6.777e-06   4.424e-08  INVX2
g115805                        6.522e-07   6.075e-06   6.768e-06   4.144e-08  INVX2
FE_OFC120_n_259                8.305e-07    5.89e-06   6.762e-06   4.203e-08  INVX2
g114020__5477                  2.173e-06   4.539e-06   6.751e-06   3.875e-08  OAI21X1
g113804__5477                  2.949e-06   3.753e-06   6.742e-06   3.962e-08  OAI21X1
g114502                        1.983e-06   4.706e-06   6.727e-06   3.833e-08  AOI21X1
g113728__6417                  4.653e-06   1.972e-06   6.726e-06   1.009e-07  ADDFX1
g114422                        2.337e-06   4.344e-06    6.72e-06   3.939e-08  AND2X1
g113421__6161                  4.103e-06   2.571e-06   6.713e-06    3.86e-08  OR2X1
g113372                        3.476e-06   3.198e-06   6.695e-06    2.09e-08  INVX1
g114248                        1.336e-06   5.305e-06   6.678e-06   3.728e-08  NOR2X1
g114246                        2.023e-06   4.614e-06   6.675e-06   3.834e-08  OR2X1
g114595                        1.343e-06   5.291e-06    6.67e-06   3.685e-08  NOR2X1
g113962__6417                  3.056e-06   3.566e-06   6.662e-06   4.031e-08  AOI21X1
g114119__1705                  2.974e-06   3.636e-06   6.649e-06   3.896e-08  AOI21X1
g113795__5115                  3.347e-06   3.257e-06   6.643e-06   3.928e-08  OAI21X1
g114410                        2.164e-06   4.431e-06   6.633e-06   3.767e-08  OR2X1
g113811__7410                    3.1e-06   3.493e-06   6.632e-06   3.924e-08  OAI21X1
g113878__2802                  3.199e-06   3.393e-06   6.632e-06   4.012e-08  AOI21X1
FE_OFC90_n_4867                5.371e-07    6.04e-06   6.599e-06    2.14e-08  INVX1
g114457                        2.323e-06   4.193e-06   6.586e-06   6.992e-08  NAND2X2
g114417                        2.423e-06   4.117e-06   6.579e-06   3.892e-08  AND2X1
g115865                        1.542e-06   4.978e-06   6.577e-06   5.704e-08  OR2X2
g113686__6131                   4.45e-06   2.077e-06   6.574e-06   4.623e-08  OAI22X1
g113502__9945                  4.872e-06   1.654e-06   6.565e-06   3.964e-08  AO21X1
g114100__7482                  2.252e-06   4.235e-06   6.526e-06   3.834e-08  OAI21X1
g113459__2802                  3.041e-06   3.452e-06   6.517e-06    2.46e-08  NOR2X1
g113531__3680                  4.247e-06   2.187e-06   6.497e-06   6.292e-08  XNOR2X1
g113685__7482                   3.09e-06   3.361e-06   6.486e-06   3.387e-08  NOR2X1
g114449                        3.449e-06   2.979e-06   6.476e-06   4.812e-08  AOI2BB1X1
g113606__5526                  5.165e-06   1.227e-06   6.454e-06   6.195e-08  XNOR2X1
g113323__6131                  3.123e-06   3.304e-06   6.453e-06   2.619e-08  NOR2X1
g114013__5477                  2.546e-06   3.859e-06   6.444e-06   3.871e-08  OR2X1
g116225                        4.821e-06   1.524e-06   6.442e-06   9.731e-08  ADDHX1
g113216                        2.976e-06   3.442e-06   6.439e-06   2.143e-08  INVX1
g114014__7482                  4.718e-06   1.673e-06   6.433e-06   4.246e-08  AOI2BB1X1
g113595__7098                  4.519e-06   1.878e-06   6.432e-06   3.471e-08  OAI21X1
g114025                        2.353e-06   4.023e-06   6.415e-06   3.875e-08  OAI21X1
g114115                        2.478e-06   3.894e-06   6.409e-06   3.717e-08  OAI21X1
g113893__1666                  4.125e-06    2.22e-06   6.408e-06    6.27e-08  XNOR2X1
g114566                        3.451e-06   2.907e-06   6.404e-06   4.524e-08  OAI2BB1X1
g113810__9945                   2.43e-06   3.916e-06    6.38e-06   3.456e-08  NOR2X1
g113765__7482                  4.212e-06   2.096e-06   6.369e-06   6.225e-08  XNOR2X1
g113807__7098                  4.181e-06    2.11e-06   6.352e-06   6.108e-08  XNOR2X1
g113411__2398                   4.89e-06   1.427e-06   6.351e-06    3.49e-08  AND2X1
g114034__5122                  2.845e-06   3.448e-06   6.333e-06   4.042e-08  AO21X1
g114029__9315                  2.347e-06    3.94e-06   6.326e-06   3.943e-08  OAI21X1
g114111__9945                  1.395e-06   4.873e-06   6.323e-06   5.547e-08  NOR3X1
g114021__2398                  1.471e-06   4.815e-06   6.322e-06   3.556e-08  NOR2X1
g114205__1666                  2.092e-06   4.182e-06   6.313e-06   3.853e-08  OAI21X1
g114039__5526                  2.359e-06   3.913e-06   6.311e-06   3.926e-08  OAI21X1
g113391__4733                  2.404e-06   3.841e-06    6.27e-06   2.561e-08  NAND2X1
g115835                        1.893e-06   4.305e-06   6.269e-06   7.075e-08  NOR2X2
g113729__1666                  4.622e-06   1.534e-06   6.244e-06   8.797e-08  ADDHX1
g114023                        2.348e-06   3.856e-06   6.243e-06   3.875e-08  OAI21X1
g114436                         2.34e-06   3.858e-06   6.235e-06   3.789e-08  OR2X1
g114250                        1.687e-06   4.515e-06   6.229e-06   2.744e-08  NAND2X1
g114579                        3.483e-06   2.691e-06   6.219e-06   4.518e-08  OAI2BB1X1
FE_OFC73_n_440                 5.418e-07   5.618e-06   6.204e-06   4.498e-08  INVX2
g113802__4319                  3.371e-06   2.786e-06   6.196e-06   3.925e-08  OAI21X1
g113256__1666                  4.929e-06   1.236e-06   6.196e-06   3.061e-08  NOR2X1
g113259                        2.105e-06   4.068e-06   6.195e-06   2.157e-08  INVX1
g115365                        3.175e-06   2.937e-06   6.162e-06   5.074e-08  AOI2BB1X1
g114415                        1.301e-06   4.807e-06   6.145e-06   3.655e-08  NOR2X1
g113889__1666                  3.313e-06   2.775e-06   6.126e-06   3.806e-08  OAI21X1
g113812__8428                  4.134e-06   1.918e-06   6.114e-06   6.104e-08  CLKXOR2X1
g114598                        2.576e-06   3.497e-06   6.113e-06   4.014e-08  AO21X1
g113536__1666                  4.074e-06   1.999e-06   6.113e-06   3.957e-08  OAI21X1
g114964                        4.938e-06   1.093e-06   6.095e-06   6.406e-08  AOI2BB2X1
g114547                        5.172e-06   8.583e-07   6.094e-06    6.44e-08  AOI2BB2X1
g115859                        5.526e-07   5.517e-06   6.094e-06    2.41e-08  NAND2X1
g113492__2346                  3.706e-06   2.345e-06   6.086e-06   3.564e-08  OR2X1
g113198                        2.907e-06   3.144e-06   6.071e-06   2.014e-08  INVX1
g113790__8428                  3.566e-06   2.459e-06   6.063e-06   3.785e-08  OAI21X1
FE_OFC96_n_595                 5.144e-07   5.514e-06   6.049e-06    2.14e-08  INVX1
g113527__5107                  3.689e-06   2.318e-06   6.038e-06   3.204e-08  AND2X1
g114795                        4.339e-06   1.629e-06   6.034e-06   6.658e-08  AOI2BB2X1
g114109__6260                  3.531e-06   2.442e-06   6.033e-06   6.066e-08  XNOR2X1
g114567                        2.424e-06   3.552e-06   6.015e-06   3.888e-08  AND2X1
g112988__4319                      3e-06   2.965e-06   6.004e-06   3.972e-08  OR3X1
g114042                        2.359e-06   3.588e-06   5.986e-06   3.926e-08  OAI21X1
g115858                        2.036e-06   3.831e-06   5.972e-06   1.056e-07  NAND2X4
g115360                         3.68e-06   2.215e-06   5.968e-06   7.385e-08  OAI21X2
g114105__2346                  1.681e-06   4.259e-06   5.968e-06    2.76e-08  NOR2X1
g115375                        1.922e-06   3.973e-06   5.967e-06   7.206e-08  NAND2X2
g114631                        3.405e-06   2.503e-06   5.953e-06   4.518e-08  OAI2BB1X1
g113669__6131                  3.372e-06   2.531e-06   5.937e-06   3.479e-08  AND2X1
g114037                        2.353e-06   3.526e-06   5.918e-06   3.926e-08  OAI21X1
g113801__9945                  1.888e-06   4.001e-06   5.915e-06   2.608e-08  NAND2X1
g113227                        3.158e-06   2.733e-06   5.911e-06     2.1e-08  INVX1
g115724                        1.189e-06   4.677e-06   5.908e-06   4.205e-08  NOR2X2
g113953__1705                  4.164e-06   1.676e-06   5.907e-06   6.667e-08  CLKXOR2X1
g114174                        2.551e-06   3.309e-06   5.896e-06   3.588e-08  AND2X1
g114064__2802                  3.821e-06   2.021e-06    5.89e-06    4.82e-08  AOI2BB1X1
g114604                        3.272e-06   2.542e-06    5.88e-06   6.673e-08  CLKXOR2X1
g113884__6131                  2.397e-06   3.419e-06   5.856e-06   4.014e-08  AOI21X1
g114548                        4.735e-06   1.053e-06   5.852e-06   6.399e-08  AOI2BB2X1
g115853                        2.044e-06   3.701e-06    5.85e-06   1.056e-07  NAND2X4
g113562__4733                  3.201e-06   2.605e-06   5.846e-06   3.936e-08  OAI21X1
g114965                        2.629e-06   3.129e-06   5.829e-06   7.125e-08  NOR2X2
g114406                        1.446e-06   4.331e-06    5.81e-06   3.262e-08  NAND2X1
FE_OFC58_n_1372                6.377e-07   5.122e-06   5.805e-06   4.506e-08  INVX2
g112984__6260                  1.473e-06   4.287e-06   5.797e-06    3.72e-08  AO21X1
g113963__6260                  2.536e-06   3.214e-06   5.787e-06   3.693e-08  OAI21X1
g112966__7098                  3.545e-06   2.189e-06   5.776e-06   4.251e-08  AOI21X1
g113798__3680                  2.897e-06   2.778e-06   5.715e-06   3.998e-08  AOI21X1
g113166__2398                   4.24e-06   1.409e-06   5.712e-06   6.309e-08  XNOR2X1
g114609                         1.39e-06   4.276e-06     5.7e-06   3.341e-08  NAND2X1
g114619                        2.419e-06   3.235e-06   5.693e-06   3.892e-08  AND2X1
g114096__1881                  4.124e-06   1.487e-06   5.676e-06   6.488e-08  XNOR2X1
g114386                        1.344e-06     4.3e-06   5.674e-06    2.93e-08  NAND2X1
g115992                        4.547e-07   5.195e-06   5.671e-06   2.148e-08  INVX1
g115842                        9.815e-07   4.652e-06   5.668e-06   3.426e-08  NOR2X1
g114606                        2.625e-06   2.985e-06   5.667e-06   5.733e-08  AOI221X1
g113682__8246                  4.544e-06   1.054e-06    5.66e-06   6.186e-08  XNOR2X1
g114607                        2.615e-06   2.987e-06    5.66e-06   5.733e-08  AOI221X1
g114098                        4.168e-06   1.421e-06   5.655e-06   6.579e-08  CLKXOR2X1
g114005                        4.274e-06   1.317e-06   5.652e-06   6.051e-08  XNOR2X1
g113836__6783                  4.491e-06   1.101e-06    5.63e-06   3.791e-08  NAND2BX1
g113510                        1.582e-06   4.021e-06   5.624e-06   2.081e-08  INVX1
g113343__8246                  3.582e-06       2e-06   5.611e-06   2.908e-08  NOR2X1
g113648__1881                   4.06e-06   1.467e-06   5.563e-06   3.545e-08  AND2X1
g113494__6161                  3.312e-06   2.207e-06    5.55e-06   3.097e-08  NOR2X1
g114600                        1.093e-06   4.408e-06   5.538e-06   3.685e-08  NOR2X1
g113368__5477                   3.44e-06   2.068e-06   5.533e-06   2.549e-08  NAND2X1
g113955                        4.101e-06   1.352e-06   5.513e-06   5.942e-08  CLKXOR2X1
g113435__8428                  4.025e-06   1.446e-06   5.505e-06   3.451e-08  NOR2X1
g113761__2883                  2.874e-06   2.592e-06   5.505e-06   3.943e-08  OAI21X1
g114073                         4.65e-06   7.984e-07   5.497e-06    4.85e-08  AOI2BB1X1
g113553__4733                   2.61e-06   2.832e-06   5.472e-06   2.973e-08  NOR2X1
g113865__2346                  4.051e-06   1.359e-06    5.47e-06   6.019e-08  XNOR2X1
g113805__5122                  4.012e-06   1.386e-06    5.46e-06   6.183e-08  XNOR2X1
g113828__7482                  3.281e-06   2.138e-06   5.459e-06   3.984e-08  OAI21X1
g113881__4733                  3.087e-06   2.332e-06   5.459e-06   3.936e-08  OAI21X1
FE_RC_2_0                      3.234e-06   2.148e-06   5.444e-06   6.201e-08  XNOR2X1
g115382                        1.341e-06   4.065e-06   5.439e-06   3.333e-08  NOR2X1
g114380                        2.332e-06   3.067e-06   5.437e-06   3.789e-08  OR2X1
g113819__2346                  3.109e-06   2.286e-06   5.434e-06   3.908e-08  OAI21X1
g112950__7410                  3.545e-06   1.845e-06   5.432e-06   4.251e-08  AOI21X1
g115362                        3.681e-06   1.673e-06   5.428e-06   7.385e-08  OAI21X2
g114249                        2.327e-06   3.058e-06   5.422e-06   3.676e-08  OAI21X1
g112940__6260                  3.544e-06   1.833e-06    5.42e-06   4.251e-08  AOI21X1
g113615__1881                  3.519e-06   1.859e-06   5.418e-06   3.967e-08  OAI21X1
g112962__1617                  3.545e-06   1.829e-06   5.416e-06   4.251e-08  AOI21X1
g113150                        3.404e-06    1.99e-06   5.414e-06   2.024e-08  INVX1
g113947__5107                  2.384e-06   2.994e-06   5.411e-06   3.297e-08  NOR2X1
g114237                        1.203e-06   4.172e-06   5.408e-06   3.353e-08  NAND2X1
g115359                        2.607e-06   2.756e-06   5.405e-06   4.234e-08  AOI22X1
g114195                        1.181e-06   4.184e-06   5.404e-06   3.799e-08  NOR2X1
g113604__8428                  3.359e-06   2.004e-06   5.398e-06   3.445e-08  NOR2X1
g114448                        3.487e-06   1.862e-06   5.394e-06   4.518e-08  OAI2BB1X1
g113614__8428                  3.444e-06   1.907e-06   5.391e-06   3.958e-08  OAI21X1
g113546__1666                  3.838e-06   1.515e-06   5.386e-06   3.342e-08  AND2X1
g113935__5526                  1.859e-06   3.491e-06   5.386e-06   3.539e-08  NOR2X1
g112956__2346                  3.544e-06   1.791e-06   5.377e-06   4.251e-08  AOI21X1
g115851                        1.012e-06   4.315e-06   5.374e-06   4.783e-08  NOR2X2
g113797__6417                  2.749e-06   2.579e-06   5.365e-06   3.701e-08  OAI21X1
g113665__6260                  2.608e-06   2.721e-06   5.355e-06   2.657e-08  NOR2X1
g115381                        1.397e-06   3.918e-06    5.35e-06   3.567e-08  NOR2X1
g113512                        1.872e-06   3.456e-06   5.349e-06   2.086e-08  INVX1
g115914                        4.454e-06   7.991e-07   5.343e-06    8.96e-08  OAI22X2
g112969__5115                  3.578e-06   1.715e-06   5.336e-06   4.254e-08  AOI21X1
g114030__4319                  2.346e-06   2.948e-06   5.334e-06   3.943e-08  OAI21X1
g115476                        5.384e-07   4.764e-06   5.323e-06    2.14e-08  INVX1
g113952__7410                  4.245e-06   1.012e-06   5.316e-06    5.98e-08  XNOR2X1
g114324                        3.947e-06   1.315e-06   5.313e-06   5.149e-08  AOI2BB1X1
g114828                        3.101e-06   2.158e-06    5.31e-06   5.103e-08  AOI2BB1X1
g113855__5122                  3.943e-06   1.332e-06    5.31e-06   3.541e-08  AND2X1
g113410                        1.516e-06   3.765e-06   5.301e-06   2.014e-08  INVX1
g112970__7482                  3.546e-06   1.705e-06   5.294e-06   4.251e-08  AOI21X1
g113998__8428                  2.544e-06   2.709e-06   5.287e-06   3.399e-08  AND2X1
g113758__6783                   2.66e-06   2.584e-06   5.284e-06   4.016e-08  OAI21X1
g115619                         1.74e-06   3.463e-06   5.259e-06   5.507e-08  NAND2X2
g113267                        2.712e-06   2.523e-06   5.257e-06   2.138e-08  INVX1
g114552                        3.888e-06   1.313e-06   5.255e-06   5.315e-08  MX2X1
g112959__5526                  3.546e-06   1.663e-06   5.252e-06   4.251e-08  AOI21X1
g112968__1881                  3.577e-06   1.631e-06   5.251e-06   4.253e-08  AOI21X1
g112967__6131                  3.546e-06   1.655e-06   5.243e-06   4.251e-08  AOI21X1
g116042                        8.149e-07   4.373e-06   5.231e-06   4.321e-08  INVX2
g114630                         1.39e-06   3.802e-06   5.225e-06   3.341e-08  NAND2X1
g113679__7482                  2.531e-06   2.658e-06   5.214e-06   2.516e-08  NOR2X1
g112960__6783                  3.545e-06   1.626e-06   5.214e-06   4.251e-08  AOI21X1
g113880__5477                  2.903e-06   2.271e-06   5.211e-06   3.689e-08  OAI21X1
g114240                        2.995e-06   2.176e-06   5.206e-06   3.576e-08  OR2X1
g113168                        3.416e-06   1.768e-06   5.206e-06   2.153e-08  INVX1
g113654__7482                  4.306e-06   8.512e-07   5.197e-06   3.968e-08  NAND2BX1
g114041__4319                  2.844e-06   2.309e-06   5.193e-06   4.042e-08  AO21X1
g114004                        2.878e-06   2.277e-06   5.192e-06   3.569e-08  AND2X1
g113490__7410                  3.123e-06   2.039e-06   5.191e-06   2.811e-08  NAND2X1
g114962                        1.642e-06   3.518e-06    5.19e-06   2.914e-08  NOR2X1
g113571__6783                  3.318e-06   1.831e-06   5.181e-06   3.259e-08  AND2X1
g115993                        4.557e-07   4.701e-06   5.178e-06   2.148e-08  INVX1
g112991__5526                  2.596e-06   2.546e-06   5.177e-06   3.607e-08  AND4X1
g114634                        2.615e-06   2.489e-06   5.161e-06   5.733e-08  AOI221X1
g113875__2802                  2.351e-06    2.77e-06   5.155e-06    3.36e-08  NOR2X1
g113755__5122                  2.749e-06   2.358e-06   5.146e-06   3.787e-08  OAI21X1
g112958__8428                  3.545e-06   1.557e-06   5.145e-06   4.251e-08  AOI21X1
g113650__6131                  3.754e-06   1.349e-06   5.143e-06   4.017e-08  NOR2BX1
g113424                        1.704e-06   3.415e-06   5.141e-06    2.13e-08  INVX1
g114432                         2.03e-06   3.065e-06   5.128e-06   3.279e-08  NOR2X1
g114954                        1.914e-06   3.172e-06   5.126e-06    4.06e-08  AO21X1
g114589                        2.425e-06   2.661e-06   5.125e-06   3.892e-08  AND2X1
g114043__1617                  2.354e-06   2.727e-06   5.121e-06   3.926e-08  OAI21X1
g113599__7482                  4.151e-06   9.305e-07   5.118e-06   3.646e-08  OAI21X1
g112952__5477                  3.603e-06   1.471e-06   5.117e-06   4.256e-08  AOI21X1
g114281__6417                   1.28e-06   3.803e-06   5.117e-06   3.401e-08  NAND2X1
g114192                        1.602e-06   3.475e-06   5.113e-06   3.582e-08  NOR2X1
g114217                        4.008e-06   1.056e-06   5.112e-06   4.905e-08  AOI2BB1X1
g114451                        2.333e-06   2.738e-06   5.108e-06   3.789e-08  OR2X1
g113866__3680                  4.114e-06   9.156e-07   5.094e-06   6.434e-08  XNOR2X1
FE_OFC86_n_1770                5.348e-07   4.538e-06   5.094e-06    2.14e-08  INVX1
g115389                        2.177e-06   2.876e-06   5.093e-06   4.016e-08  AO21X1
g114864                        3.015e-06   2.014e-06   5.092e-06   6.311e-08  OAI2BB2X1
g113939__6783                  2.346e-06   2.711e-06   5.091e-06    3.37e-08  NOR2X1
g113596__6417                  4.095e-06   9.549e-07   5.087e-06   3.639e-08  OR2X1
g112964__5122                  3.572e-06    1.47e-06   5.085e-06   4.253e-08  AOI21X1
g114596                        3.406e-06   1.621e-06   5.073e-06   4.518e-08  OAI2BB1X1
g113550__1881                  3.165e-06   1.872e-06   5.067e-06    2.93e-08  NAND2X1
g112965__8246                  3.543e-06   1.478e-06   5.064e-06   4.251e-08  AOI21X1
g115391                        1.227e-06   3.795e-06   5.054e-06   3.099e-08  NOR2X1
g112953__2398                  3.604e-06   1.406e-06   5.053e-06   4.256e-08  AOI21X1
g114279                        1.104e-06   3.908e-06   5.049e-06   3.665e-08  NOR2X1
g113883__5122                  2.541e-06   2.457e-06   5.036e-06   3.849e-08  OAI21X1
g115722                        1.395e-06   3.558e-06   5.034e-06   8.057e-08  NOR2X2
g113462__5115                  4.208e-06   7.579e-07   5.032e-06   6.562e-08  XNOR2X1
g114623                        3.477e-06   1.503e-06   5.025e-06   4.518e-08  OAI2BB1X1
g114216__2346                  4.116e-06   8.624e-07   5.024e-06   4.515e-08  OAI2BB1X1
g114878                        3.052e-06   1.918e-06   5.018e-06   4.821e-08  OAI2BB1X1
g113753__7410                  2.448e-06   2.538e-06   5.016e-06   3.002e-08  NOR2X1
g112951__6417                  3.545e-06   1.421e-06   5.009e-06   4.251e-08  AOI21X1
g113661__6783                  3.676e-06   1.291e-06   5.001e-06   3.462e-08  OR2X1
g114454                        1.375e-06   3.586e-06   4.997e-06   3.566e-08  NOR2X1
g114632                         2.62e-06   2.311e-06   4.988e-06   5.733e-08  AOI221X1
g115629                        7.028e-07   4.249e-06   4.973e-06   2.095e-08  INVX1
g115833                         1.88e-06   3.021e-06   4.972e-06   7.075e-08  NOR2X2
g112949__1666                  3.544e-06   1.382e-06   4.968e-06   4.251e-08  AOI21X1
g112954__5107                  3.544e-06   1.381e-06   4.967e-06   4.251e-08  AOI21X1
g114966                         1.85e-06    3.08e-06   4.967e-06    3.68e-08  OAI21X1
g113608__5115                      3e-06    1.93e-06   4.965e-06    3.48e-08  NOR2X1
g112961__3680                  3.546e-06    1.37e-06   4.959e-06   4.251e-08  AOI21X1
g112957__4319                  3.545e-06   1.367e-06   4.955e-06   4.251e-08  AOI21X1
g114627                        2.173e-06   2.705e-06   4.948e-06   6.928e-08  NAND2X2
g114443                        1.998e-06   2.906e-06   4.943e-06   3.826e-08  OR2X1
g113668__9945                  2.325e-06   2.571e-06   4.927e-06   3.145e-08  NOR2X1
g114575                        3.407e-06   1.474e-06   4.925e-06   4.518e-08  OAI2BB1X1
g112963__1705                  3.546e-06   1.332e-06   4.921e-06   4.251e-08  AOI21X1
g113796__6161                  2.843e-06   2.037e-06   4.919e-06   3.923e-08  OAI21X1
g114247                        1.261e-06   3.618e-06   4.917e-06   3.724e-08  NOR2X1
g114564                        2.618e-06   2.228e-06   4.903e-06   5.733e-08  AOI221X1
g114362                        3.471e-06   1.376e-06   4.897e-06   5.075e-08  AOI2BB1X1
g113417__6260                  3.697e-06   1.167e-06   4.897e-06   3.329e-08  OR2X1
g115374                         3.02e-06   1.818e-06   4.887e-06   4.807e-08  AOI2BB1X1
g114450                        3.406e-06   1.433e-06   4.885e-06   4.518e-08  OAI2BB1X1
g113488__1617                  2.986e-06   1.868e-06   4.882e-06   2.813e-08  NOR2X1
g114611                        3.474e-06   1.362e-06   4.882e-06   4.518e-08  OAI2BB1X1
g114373                        3.434e-06   1.383e-06   4.868e-06   5.075e-08  AOI2BB1X1
g112971__2802                  3.544e-06   1.279e-06   4.866e-06   4.251e-08  AOI21X1
g115841                        1.642e-06   3.185e-06   4.862e-06   3.552e-08  OR2X1
g114617                        2.553e-06   2.263e-06   4.856e-06   4.014e-08  AO21X1
g113857__7482                  3.274e-06   1.546e-06   4.855e-06   3.561e-08  OAI21X1
g113664__7098                  3.532e-06    1.29e-06   4.855e-06    3.38e-08  AND2X1
g114599                        2.425e-06    2.39e-06   4.854e-06   3.888e-08  AND2X1
g114114__9945                  2.681e-06   2.133e-06   4.853e-06    3.92e-08  OAI21X1
g114372                        3.431e-06   1.357e-06   4.839e-06   5.075e-08  AOI2BB1X1
FE_OFC70_n_1776                5.011e-07    4.31e-06   4.832e-06    2.14e-08  INVX1
g114614                        2.621e-06   2.149e-06   4.827e-06   5.733e-08  AOI221X1
g113288                        2.155e-06   2.649e-06   4.826e-06   2.143e-08  INVX1
FE_OFC77_n_1126                3.079e-07   4.493e-06   4.823e-06   2.189e-08  INVX1
g113925__6260                  2.202e-06   2.585e-06   4.822e-06   3.453e-08  NOR2X1
g114097__1881                  3.695e-06    1.07e-06   4.808e-06   4.367e-08  AOI22X1
g113578__9945                  1.684e-06   3.078e-06   4.801e-06   3.933e-08  NOR2X1
FE_OFC64_n_724                  6.18e-07   4.157e-06   4.796e-06   2.049e-08  INVX1
g114565                        3.484e-06   1.264e-06   4.794e-06   4.518e-08  OAI2BB1X1
g114585                        2.625e-06   2.108e-06    4.79e-06   5.741e-08  AOI221X1
g114253__4733                  2.777e-06   1.959e-06   4.781e-06   4.423e-08  OAI2BB1X1
g113705                        1.442e-06   3.317e-06    4.78e-06   2.092e-08  INVX1
g113004__4733                  4.129e-06   6.163e-07   4.778e-06    3.24e-08  NAND2BX1
g114418                        3.486e-06   1.241e-06   4.772e-06   4.518e-08  OAI2BB1X1
g114383                        1.332e-06   3.398e-06   4.766e-06   3.602e-08  NOR2X1
g114413                        1.184e-06   3.532e-06   4.753e-06   3.796e-08  NOR2X1
g114405                        2.699e-06   2.016e-06   4.751e-06   3.608e-08  AND2X1
g114374                        3.432e-06   1.266e-06   4.749e-06   5.075e-08  AOI2BB1X1
g115709                        1.627e-06   3.082e-06   4.746e-06   3.623e-08  OR2X1
g114074__5122                  3.866e-06   8.298e-07   4.744e-06   4.762e-08  OAI2BB1X1
g114196__6131                   2.96e-06   1.734e-06   4.739e-06   4.443e-08  OAI2BB1X1
g114239__1617                  1.798e-06   2.909e-06   4.737e-06   2.877e-08  NOR2X1
g113677__7098                  3.899e-06   7.958e-07   4.733e-06   3.768e-08  AOI2BB1X1
g114550                        1.299e-06   3.392e-06   4.725e-06   3.365e-08  NAND2X1
g114582                        2.574e-06   2.107e-06   4.721e-06   4.014e-08  AO21X1
g115388                         3.02e-06   1.645e-06   4.713e-06   4.807e-08  AOI2BB1X1
g112973__6417                  3.578e-06   1.085e-06   4.702e-06   3.904e-08  OAI21X1
g114799                        2.319e-06   2.342e-06   4.698e-06   3.747e-08  AND2X1
g113618__6260                  2.833e-06    1.82e-06   4.693e-06   3.939e-08  OR2X1
g113598__9945                  4.109e-06   5.491e-07    4.69e-06   3.196e-08  NOR2BX1
FE_OFC51_n_3307                6.595e-07   4.005e-06   4.685e-06   2.049e-08  INVX1
g113684__4319                  2.677e-06   1.969e-06   4.682e-06   3.612e-08  OAI21X1
g114008                        3.691e-06   9.251e-07   4.678e-06   6.176e-08  XNOR2X1
g114612                        1.093e-06   3.542e-06   4.672e-06   3.685e-08  NOR2X1
g114031__8428                  2.353e-06   2.268e-06   4.661e-06   3.943e-08  OAI21X1
g114204__2883                   1.96e-06   2.662e-06   4.659e-06   3.691e-08  OAI21X1
g114366                        3.465e-06   1.137e-06   4.653e-06   5.075e-08  AOI2BB1X1
g113663__8246                  3.299e-06   1.318e-06   4.651e-06    3.47e-08  OR2X1
g114603                        2.549e-06   2.058e-06   4.648e-06   4.014e-08  AO21X1
g114321                        3.173e-06    1.43e-06   4.648e-06   4.511e-08  AOI2BB1X1
g114615                        2.616e-06   1.963e-06   4.636e-06   5.733e-08  AOI221X1
g114203__5115                  1.931e-06   2.663e-06   4.631e-06    3.77e-08  OR2X1
g113549__2802                  2.533e-06   2.067e-06   4.629e-06   2.902e-08  NOR2X1
g114219                        2.062e-06   2.522e-06   4.622e-06   3.792e-08  OAI21X1
g113995__6161                  2.555e-06   2.027e-06   4.616e-06   3.399e-08  AND2X1
g113929__9315                  1.834e-06   2.743e-06   4.614e-06   3.676e-08  NOR2X1
g114439                        1.427e-06   3.146e-06   4.608e-06   3.494e-08  NOR2X1
g114487                         3.89e-06   6.514e-07   4.606e-06     6.5e-08  AOI2BB2X1
g113353                        1.995e-06   2.589e-06   4.604e-06   2.103e-08  INVX1
g114798                        2.236e-06   2.327e-06     4.6e-06   3.747e-08  AND2X1
g114257                        1.315e-06   3.249e-06    4.59e-06    2.58e-08  NOR2X1
g115720                        1.505e-06   3.033e-06   4.572e-06   3.396e-08  AND2X1
g113961__5107                  2.188e-06   2.345e-06   4.568e-06   3.579e-08  OR2X1
g113748__5115                  3.339e-06   1.177e-06   4.555e-06   3.858e-08  AND2X1
g114561                        2.423e-06   2.092e-06   4.554e-06   3.892e-08  AND2X1
g113590                         1.66e-06   2.866e-06   4.546e-06   2.063e-08  INVX1
g113365__1705                  3.128e-06   1.379e-06    4.54e-06   3.183e-08  NAND2X1
g115712                        2.627e-06   1.856e-06   4.524e-06   4.163e-08  NAND2BX1
g113666__6161                  2.134e-06   2.364e-06   4.522e-06   2.349e-08  NOR2X1
g113197                         2.46e-06   2.037e-06   4.518e-06   2.156e-08  INVX1
g114185                         1.26e-06   3.219e-06   4.516e-06   3.724e-08  NOR2X1
g113714                        1.447e-06   3.045e-06   4.513e-06   2.087e-08  INVX1
g115363                        1.593e-06   2.858e-06   4.487e-06   3.541e-08  AOI21X1
g114725                        3.393e-06    1.05e-06   4.486e-06   4.274e-08  AOI2BB1X1
g113573__6260                  3.268e-06   1.169e-06   4.469e-06   3.256e-08  AND2X1
g114486                        3.839e-06   5.581e-07   4.462e-06     6.5e-08  AOI2BB2X1
g115846                        1.008e-06   3.423e-06    4.46e-06   2.851e-08  NOR2X1
g113236                        2.564e-06    1.87e-06   4.455e-06   2.059e-08  INVX1
g114093                        2.352e-06   2.063e-06   4.454e-06   3.927e-08  OAI21X1
g114577                        2.752e-06   1.582e-06    4.44e-06    1.07e-07  NOR3X2
g113794__8246                  2.562e-06   1.836e-06    4.44e-06   4.212e-08  OAI21X1
g116039                          4.4e-07   3.979e-06   4.439e-06   2.082e-08  INVX1
g114026__2398                   2.35e-06   2.039e-06   4.428e-06   3.943e-08  OAI21X1
g114483                        3.482e-06   8.763e-07   4.421e-06    6.18e-08  AOI222X1
g114076__1705                  3.724e-06   6.504e-07    4.42e-06   4.516e-08  OAI2BB1X1
g114116__2398                  1.453e-06   2.938e-06   4.418e-06   2.689e-08  NAND2X1
g114779                        2.371e-06   2.009e-06   4.416e-06   3.587e-08  AND2X1
g114586                         1.98e-06   2.391e-06   4.412e-06   3.988e-08  AO21X1
g114955                        1.293e-06   3.083e-06   4.407e-06   3.035e-08  NOR2X1
g114602                        2.551e-06   1.812e-06   4.403e-06   4.014e-08  AO21X1
g113273                        2.432e-06   1.949e-06   4.402e-06   2.082e-08  INVX1
g114442                        1.459e-06   2.899e-06   4.397e-06       4e-08  AOI21X1
g114621                        2.603e-06   1.731e-06   4.392e-06   5.733e-08  AOI221X1
g114788                         2.37e-06    1.98e-06   4.386e-06   3.587e-08  AND2X1
g114444                         1.45e-06   2.895e-06    4.38e-06   3.566e-08  NOR2X1
g114571                        2.408e-06    1.93e-06   4.377e-06   3.892e-08  AND2X1
g113948__5115                  2.358e-06   1.979e-06   4.368e-06   3.104e-08  NAND2X1
g114594                        2.553e-06   1.774e-06   4.366e-06   4.014e-08  AO21X1
g114588                        1.988e-06   2.336e-06   4.364e-06   3.988e-08  AO21X1
g113005__7482                  3.421e-06    8.97e-07   4.354e-06   3.557e-08  OR4X1
g114620                        2.553e-06   1.749e-06   4.342e-06   4.014e-08  AO21X1
g113868                        3.473e-06    7.88e-07   4.329e-06   6.834e-08  XNOR2X1
g113007__9315                  3.466e-06   8.291e-07   4.323e-06   2.728e-08  NAND3X1
g114626                        2.554e-06   1.728e-06   4.322e-06   4.014e-08  AO21X1
g114375                        3.431e-06   8.331e-07   4.315e-06   5.075e-08  AOI2BB1X1
g114830                        3.129e-06    1.13e-06    4.31e-06   5.103e-08  AOI2BB1X1
g115276                        3.064e-06   1.184e-06   4.299e-06   5.148e-08  AOI2BB1X1
g113673__1881                  2.593e-06   1.678e-06   4.298e-06    2.66e-08  NAND2X1
g113528__5526                  3.333e-06   9.199e-07   4.297e-06   4.378e-08  NAND2BX1
g114924                        2.709e-06   1.542e-06   4.296e-06   4.506e-08  OAI22X1
g115274                        3.064e-06   1.177e-06   4.292e-06   5.148e-08  AOI2BB1X1
g114028__6260                  2.346e-06   1.897e-06   4.283e-06   3.943e-08  OAI21X1
g114376                         3.43e-06   8.009e-07   4.282e-06   5.075e-08  AOI2BB1X1
g115599                        1.864e-06   2.354e-06   4.276e-06   5.736e-08  NAND2X2
g113954__8246                  3.321e-06   8.878e-07   4.274e-06   6.506e-08  XNOR2X1
g114901                        3.206e-06   1.017e-06   4.271e-06   4.821e-08  OAI2BB1X1
FE_OFC84_n_618                 3.112e-07   3.926e-06   4.259e-06   2.181e-08  INVX1
g114390                        2.041e-06    2.18e-06   4.259e-06   3.738e-08  OAI21X1
g114816                         3.12e-06   1.084e-06   4.255e-06   5.103e-08  AOI2BB1X1
g114224                        1.683e-06   2.542e-06   4.255e-06       3e-08  NAND2X1
g114369                        3.434e-06   7.684e-07   4.253e-06   5.075e-08  AOI2BB1X1
g114352                         3.34e-06   8.583e-07   4.249e-06   5.075e-08  AOI2BB1X1
g114176                        2.469e-06   1.735e-06   4.238e-06   3.379e-08  AND2X1
g114742                        2.725e-06   1.467e-06   4.238e-06   4.548e-08  OAI22X1
g114364                        3.472e-06   7.059e-07   4.229e-06   5.075e-08  AOI2BB1X1
g114389                        2.063e-06   2.118e-06    4.22e-06   3.931e-08  OAI21X1
g114368                        3.433e-06   7.348e-07   4.218e-06   5.075e-08  AOI2BB1X1
g114923                        2.926e-06   1.238e-06   4.217e-06   5.274e-08  AOI2BB1X1
g114618                        1.385e-06   2.798e-06   4.217e-06   3.341e-08  NAND2X1
g113863__2346                  2.341e-06   1.837e-06   4.216e-06   3.861e-08  OAI21X1
g114276__7410                  2.391e-06   1.781e-06   4.212e-06   4.023e-08  AO21X1
g114234                        3.122e-06   1.047e-06   4.212e-06    4.19e-08  OAI31X1
g114351                         3.34e-06   8.069e-07   4.198e-06   5.075e-08  AOI2BB1X1
g114428                        2.326e-06   1.831e-06   4.196e-06   3.859e-08  OR2X1
g114863                        3.479e-06   6.532e-07   4.195e-06   6.232e-08  AOI2BB2X1
g114616                        2.619e-06   1.519e-06   4.195e-06   5.733e-08  AOI221X1
g114104__1666                  1.184e-06   2.982e-06   4.192e-06   2.658e-08  NAND2X1
g114633                        1.388e-06   2.767e-06   4.189e-06   3.341e-08  NAND2X1
g113933__6260                  2.054e-06   2.103e-06   4.184e-06   2.742e-08  NOR2X1
g114484                        2.788e-06    1.33e-06   4.177e-06   5.887e-08  AOI221X1
g114094                        3.324e-06   7.859e-07   4.173e-06   6.268e-08  XNOR2X1
g113874__5107                  2.587e-06   1.546e-06   4.166e-06   3.323e-08  AOI21X1
g114423                         1.35e-06   2.778e-06   4.164e-06   3.566e-08  NOR2X1
g115975                        1.253e-06   2.875e-06   4.163e-06   3.469e-08  OR2X1
g115369                        1.899e-06   2.226e-06   4.162e-06   3.646e-08  OAI21X1
g114629                        2.553e-06   1.568e-06   4.162e-06   4.014e-08  AO21X1
g113688__9315                   1.93e-06   2.196e-06   4.161e-06   3.499e-08  OAI21X1
g114911                        3.346e-06   7.667e-07   4.158e-06   4.458e-08  AOI2BB1X1
g113674__4319                  2.479e-06    1.65e-06   4.156e-06    2.67e-08  NAND2X1
g114189                        3.182e-06   9.324e-07   4.155e-06   4.023e-08  NAND2BX1
g114139                        2.905e-06   1.214e-06   4.155e-06   3.539e-08  AND2X1
g114331                        3.475e-06   6.322e-07   4.154e-06   4.691e-08  AOI2BB1X1
g114945                        3.288e-06   8.204e-07   4.153e-06   4.458e-08  AOI2BB1X1
g114584                        2.334e-06   1.777e-06   4.149e-06   3.838e-08  OR2X1
g114846                        3.142e-06   9.456e-07   4.139e-06   5.103e-08  AOI2BB1X1
g114825                        3.194e-06   8.957e-07   4.137e-06   4.725e-08  OAI2BB1X1
g114532                        3.332e-06   7.563e-07   4.137e-06   4.864e-08  OAI2BB1X1
g114361                        3.469e-06   6.084e-07   4.128e-06   5.075e-08  AOI2BB1X1
g114737                         2.58e-06     1.5e-06   4.127e-06   4.828e-08  OAI22X1
g115280                        3.283e-06   7.959e-07   4.126e-06   4.703e-08  AOI2BB1X1
g115281                        3.282e-06    7.86e-07   4.115e-06   4.703e-08  AOI2BB1X1
g113937__6783                  2.326e-06   1.752e-06   4.111e-06   3.299e-08  NOR2X1
g113930__4319                   1.92e-06   2.153e-06   4.109e-06   3.515e-08  NOR2X1
g113873__2802                  1.375e-06   2.704e-06   4.106e-06   2.661e-08  NAND2X1
g115279                        3.288e-06   7.703e-07   4.105e-06   4.703e-08  AOI2BB1X1
g114350                        3.344e-06   7.107e-07   4.105e-06   5.075e-08  AOI2BB1X1
g114821                        3.119e-06   9.284e-07   4.099e-06   5.103e-08  AOI2BB1X1
g114398                        1.331e-06   2.738e-06   4.098e-06   2.913e-08  NAND2X1
g114342                         3.34e-06   7.059e-07   4.096e-06   5.075e-08  AOI2BB1X1
g114341                        3.337e-06   7.059e-07   4.093e-06   5.075e-08  AOI2BB1X1
g114784                        2.472e-06   1.584e-06   4.092e-06   3.667e-08  AND2X1
g114344                         3.34e-06   7.002e-07   4.091e-06   5.075e-08  AOI2BB1X1
g114387                        1.478e-06   2.579e-06   4.088e-06   3.061e-08  NOR2X1
g114551                        1.292e-06   2.759e-06   4.086e-06   3.577e-08  AOI21X1
g114187__2883                  1.601e-06   2.449e-06   4.086e-06   3.582e-08  NOR2X1
g115376                         2.85e-06   1.191e-06   4.085e-06   4.269e-08  AOI2BB1X1
g114227__8246                  3.329e-06   7.149e-07   4.084e-06   4.041e-08  AOI2BB1X1
g113830__1617                  1.464e-06   2.584e-06   4.083e-06   3.468e-08  NAND2X1
g114702                         3.12e-06   9.065e-07   4.077e-06   5.103e-08  AOI2BB1X1
g115349                        2.852e-06    1.18e-06   4.075e-06   4.269e-08  AOI2BB1X1
g115372                        1.315e-06   2.718e-06   4.069e-06   3.639e-08  NOR2X1
g114815                        3.155e-06   8.628e-07   4.065e-06   4.725e-08  OAI2BB1X1
g114746                         2.73e-06   1.289e-06   4.065e-06   4.548e-08  OAI22X1
g114934                        2.816e-06   1.196e-06   4.064e-06   5.194e-08  MX2X1
g114827                        3.153e-06   8.626e-07   4.063e-06   4.725e-08  OAI2BB1X1
g115273                        3.319e-06   6.945e-07   4.061e-06   4.756e-08  OAI2BB1X1
g114810                        3.196e-06   8.175e-07   4.061e-06   4.725e-08  OAI2BB1X1
g114870                        3.223e-06   7.921e-07   4.058e-06   4.288e-08  AOI2BB1X1
g114086                        1.715e-06   2.305e-06    4.05e-06   3.023e-08  NOR3X1
g114153                        2.956e-06    1.05e-06   4.042e-06   3.571e-08  AND2X1
g114242                        1.947e-06   2.057e-06   4.039e-06   3.395e-08  NOR2X1
g114535                        3.324e-06   6.629e-07   4.035e-06   4.864e-08  OAI2BB1X1
g115264                          3.2e-06   7.873e-07   4.035e-06   4.703e-08  AOI2BB1X1
g114597                        2.113e-06    1.88e-06   4.034e-06    4.11e-08  AO21X1
g114895                        3.168e-06   7.945e-07   4.028e-06   6.611e-08  AOI2BB2X1
g114887                        3.149e-06   8.316e-07   4.028e-06   4.725e-08  OAI2BB1X1
g114758                        2.727e-06   1.248e-06   4.021e-06   4.548e-08  OAI22X1
g115265                          3.2e-06   7.588e-07   4.006e-06   4.703e-08  AOI2BB1X1
g114555                         1.39e-06   2.577e-06       4e-06   3.341e-08  NAND2X1
g114610                        2.617e-06   1.321e-06   3.996e-06   5.733e-08  AOI221X1
g114872                        3.012e-06   9.337e-07   3.994e-06   4.821e-08  OAI2BB1X1
g114785                        2.292e-06   1.663e-06   3.993e-06   3.771e-08  AND2X1
g115393                        1.927e-06   2.024e-06   3.989e-06   3.861e-08  AND2X1
g114648                         3.12e-06   8.159e-07   3.987e-06   5.103e-08  AOI2BB1X1
g114823                        3.101e-06   8.335e-07   3.986e-06   5.103e-08  AOI2BB1X1
FE_OFC66_n_1694                5.284e-07   3.428e-06   3.978e-06    2.14e-08  INVX1
g113506                          2.3e-06   1.652e-06   3.973e-06   2.082e-08  INVX1
g114409                        1.416e-06   2.517e-06   3.966e-06    3.28e-08  NAND2X1
g114706                        3.201e-06   7.139e-07   3.962e-06   4.725e-08  OAI2BB1X1
g115373                        1.172e-06   2.755e-06   3.961e-06   3.382e-08  NAND2X1
g114062                        2.359e-06   1.559e-06   3.955e-06   3.795e-08  OAI21X1
g114853                        3.143e-06   7.589e-07   3.953e-06   5.103e-08  AOI2BB1X1
FE_OFC94_n_1382                5.265e-07   3.399e-06   3.947e-06    2.14e-08  INVX1
g114625                        2.459e-06    1.39e-06   3.945e-06   9.673e-08  NAND3X2
g113858__2346                  2.574e-06   1.338e-06   3.945e-06   3.351e-08  NOR2X1
g113678__7098                  2.349e-06   1.559e-06   3.943e-06   3.477e-08  NOR2X1
g114752                         2.73e-06   1.168e-06   3.943e-06   4.548e-08  OAI22X1
g114812                        3.198e-06   6.966e-07   3.942e-06   4.725e-08  OAI2BB1X1
g114847                        3.136e-06   7.512e-07   3.935e-06   4.725e-08  OAI2BB1X1
g114027__5107                  2.346e-06   1.538e-06   3.923e-06   3.943e-08  OAI21X1
g114850                        3.141e-06   7.275e-07    3.92e-06   5.103e-08  AOI2BB1X1
g114280                        1.216e-06   2.666e-06    3.92e-06   3.757e-08  NOR2X1
g113842__1881                  2.724e-06   1.154e-06   3.917e-06   3.837e-08  OR2X1
g115367                        1.898e-06   1.982e-06   3.916e-06   3.646e-08  OAI21X1
g114814                        3.119e-06   7.444e-07   3.914e-06   5.103e-08  AOI2BB1X1
g114384                        1.903e-06   1.975e-06    3.91e-06   3.177e-08  NOR2X1
g113613__1666                  1.693e-06   2.177e-06   3.909e-06   3.874e-08  NOR2X1
g114871                        3.191e-06   6.511e-07   3.908e-06   6.604e-08  AOI2BB2X1
g115275                        3.064e-06   7.924e-07   3.908e-06   5.148e-08  AOI2BB1X1
g114397                        1.477e-06   2.398e-06   3.905e-06   3.061e-08  NOR2X1
g114861                        3.226e-06   6.136e-07   3.903e-06   6.348e-08  AOI222X1
g114313                        2.026e-06   1.836e-06   3.901e-06   3.908e-08  NAND2BX1
g114764                        2.825e-06   1.037e-06   3.901e-06   3.834e-08  OAI2BB1X1
g114769                        3.206e-06   6.515e-07     3.9e-06   4.301e-08  AOI2BB1X1
g114704                        3.198e-06   6.513e-07   3.896e-06   4.725e-08  OAI2BB1X1
g114527                         3.33e-06   5.109e-07    3.89e-06   4.864e-08  OAI2BB1X1
g114824                        3.193e-06   6.488e-07   3.889e-06   4.725e-08  OAI2BB1X1
g114394                        1.484e-06   2.371e-06   3.885e-06   3.061e-08  NOR2X1
g114851                        3.136e-06   6.939e-07   3.881e-06   5.103e-08  AOI2BB1X1
g113660__6260                  2.485e-06   1.367e-06   3.876e-06   2.462e-08  NOR2X1
g114241                        1.727e-06    2.12e-06   3.876e-06   2.872e-08  NOR2X1
g114578                        2.563e-06   1.266e-06   3.869e-06   4.014e-08  AO21X1
g114837                        3.128e-06   6.884e-07   3.867e-06   5.103e-08  AOI2BB1X1
g113917__5477                  1.754e-06    2.08e-06   3.867e-06   3.311e-08  NOR2X1
g114820                        3.119e-06   6.926e-07   3.863e-06   5.103e-08  AOI2BB1X1
g114902                        3.209e-06   6.055e-07   3.863e-06   4.821e-08  OAI2BB1X1
g115364                        1.034e-06   2.789e-06   3.861e-06     3.8e-08  NOR2X1
g114857                        3.234e-06   5.568e-07   3.854e-06   6.348e-08  AOI222X1
g114732                        2.792e-06   1.021e-06   3.852e-06   3.965e-08  AOI2BB1X1
g114492__5122                  3.156e-06   6.447e-07    3.85e-06   4.935e-08  AOI2BB1X1
g114003                        1.807e-06   2.015e-06   3.848e-06   2.543e-08  NOR2X1
g115899                        2.763e-06   1.037e-06   3.847e-06   4.747e-08  AOI2BB1X1
g113572__1666                  2.601e-06   1.218e-06   3.847e-06    2.86e-08  NOR2X1
g114849                        3.142e-06   6.543e-07   3.847e-06   5.113e-08  AOI2BB1X1
g113938__2883                  2.155e-06   1.657e-06   3.846e-06   3.396e-08  NOR2X1
g114526                        3.331e-06   4.663e-07   3.846e-06   4.864e-08  OAI2BB1X1
g113496__2802                  2.425e-06   1.397e-06   3.846e-06   2.467e-08  NAND2X1
g115384                        2.531e-06   1.273e-06   3.843e-06    3.88e-08  AOI2BB1X1
g113926__4319                  2.271e-06    1.54e-06   3.843e-06   3.226e-08  AND2X1
g113601__2883                   2.38e-06   1.426e-06   3.841e-06   3.494e-08  NOR2X1
g113423                        2.153e-06   1.666e-06   3.841e-06   2.128e-08  INVX1
g114385                        1.962e-06   1.844e-06   3.837e-06    3.16e-08  NOR2X1
g114081__5477                  1.793e-06   2.009e-06   3.837e-06   3.498e-08  NOR2X1
g114198__5122                  1.556e-06   2.227e-06   3.837e-06   5.367e-08  NOR3X1
g114811                        3.155e-06   6.324e-07   3.835e-06   4.725e-08  OAI2BB1X1
g114835                        3.125e-06    6.51e-07   3.827e-06   5.103e-08  AOI2BB1X1
g114813                        3.101e-06   6.742e-07   3.827e-06   5.103e-08  AOI2BB1X1
g114756                        2.729e-06   1.052e-06   3.826e-06   4.548e-08  OAI22X1
g115902                         2.76e-06   1.017e-06   3.824e-06   4.747e-08  AOI2BB1X1
g113415__5107                  2.748e-06    1.04e-06    3.82e-06   3.218e-08  OR2X1
g114833                        3.125e-06   6.426e-07   3.818e-06   5.103e-08  AOI2BB1X1
g115355                        2.851e-06   9.249e-07   3.818e-06   4.269e-08  AOI2BB1X1
g114433                        1.471e-06   2.305e-06   3.816e-06   3.986e-08  AO21X1
g113861__5526                  2.657e-06   1.128e-06   3.812e-06   2.788e-08  NOR2X1
g115361                         1.27e-06    2.51e-06    3.81e-06   2.958e-08  NOR2X1
g113701                        1.499e-06    2.29e-06   3.809e-06   2.083e-08  INVX1
g113487__6783                  2.554e-06   1.228e-06   3.809e-06   2.769e-08  NOR2X1
g113997__9315                  1.438e-06   2.337e-06   3.804e-06   2.842e-08  NOR2X1
g113999                        1.703e-06   2.072e-06   3.802e-06   2.808e-08  NOR2X1
g113374                        1.789e-06   1.992e-06   3.802e-06   2.097e-08  INVX1
g114734                        1.873e-06   1.892e-06   3.802e-06   3.658e-08  OAI21X1
g114490                        3.232e-06   5.213e-07     3.8e-06   4.606e-08  OAI2BB1X1
g114412                        1.771e-06    1.99e-06     3.8e-06   3.905e-08  OR2X1
g114839                        3.128e-06   6.205e-07   3.799e-06   5.103e-08  AOI2BB1X1
g113094__5526                  2.561e-06   1.166e-06   3.798e-06   7.043e-08  XNOR2X1
g114066                        2.754e-06   1.007e-06   3.797e-06   3.569e-08  AND2X1
g114536                        3.123e-06   6.166e-07   3.792e-06   5.296e-08  AOI2BB1X1
g114956                         1.09e-06   2.669e-06   3.787e-06   2.756e-08  NOR2X1
g114343                         3.34e-06   3.813e-07   3.772e-06   5.075e-08  AOI2BB1X1
g113489__5526                  2.724e-06    1.02e-06   3.772e-06   2.884e-08  NAND2X1
g114826                        3.101e-06   6.135e-07   3.765e-06   5.103e-08  AOI2BB1X1
g114262                        1.924e-06   1.798e-06   3.761e-06   3.838e-08  OR2X1
g114558                        2.407e-06   1.294e-06   3.753e-06   5.269e-08  MX2X1
g113303                        2.384e-06   1.348e-06   3.753e-06   2.108e-08  INVX1
g114760                         2.68e-06   1.023e-06   3.749e-06   4.552e-08  OAI22X1
g114703                        3.195e-06   5.068e-07   3.749e-06   4.725e-08  OAI2BB1X1
g114157                        2.845e-06   8.626e-07   3.744e-06   3.604e-08  AND2X1
g115379                         2.32e-06   1.359e-06   3.743e-06   6.355e-08  AOI21X2
g114491__8246                  2.778e-06   8.921e-07   3.729e-06   5.856e-08  AOI221X1
g114652                        3.197e-06   4.823e-07   3.727e-06   4.725e-08  OAI2BB1X1
g113831                         1.28e-06   2.423e-06   3.724e-06    2.08e-08  INVX1
g114085__5526                  2.049e-06    1.64e-06    3.72e-06   3.191e-08  NOR3X1
g114829                        3.197e-06   4.756e-07   3.719e-06   4.725e-08  OAI2BB1X1
g114749                        2.677e-06   9.988e-07   3.719e-06   4.287e-08  OA22X1
g114921                        2.927e-06   7.388e-07   3.718e-06   5.274e-08  AOI2BB1X1
g115838                        9.893e-07   2.698e-06   3.715e-06   2.802e-08  NAND2X1
g114542                        3.123e-06   5.369e-07   3.713e-06   5.296e-08  AOI2BB1X1
g114155__5115                  2.689e-06   9.866e-07   3.711e-06    3.55e-08  AND2X1
g115985                        7.603e-07   2.916e-06   3.703e-06   2.606e-08  NAND2X1
g114500                        2.778e-06   8.884e-07   3.703e-06   3.648e-08  OAI2BB1X1
g114775                        2.667e-06   9.934e-07     3.7e-06   3.964e-08  AOI2BB1X1
g113591                        1.292e-06   2.386e-06   3.699e-06   2.125e-08  INVX1
g114302                        2.665e-06   9.977e-07   3.699e-06   3.609e-08  AND2X1
g114783                        1.597e-06   2.061e-06   3.699e-06   3.991e-08  AND2X1
g113444                         1.94e-06   1.735e-06   3.696e-06    2.14e-08  INVX1
g114772                        2.684e-06   9.573e-07   3.687e-06   4.552e-08  OAI22X1
g114538                        3.123e-06    5.11e-07   3.686e-06   5.296e-08  AOI2BB1X1
g114771                        2.709e-06   9.349e-07   3.683e-06   3.964e-08  AOI2BB1X1
g114419                         1.42e-06   2.229e-06   3.681e-06    3.28e-08  NAND2X1
g114528                        3.123e-06    5.03e-07   3.679e-06   5.296e-08  AOI2BB1X1
g115272                        3.203e-06   4.193e-07   3.673e-06   5.074e-08  AOI2BB1X1
g114819                        3.193e-06   4.307e-07   3.671e-06   4.725e-08  OAI2BB1X1
g114143                        2.776e-06   8.541e-07   3.665e-06   3.568e-08  AND2X1
g114110__6783                   1.22e-06   2.405e-06   3.663e-06   3.766e-08  NOR2X1
g113854__2883                  2.298e-06   1.329e-06   3.661e-06   3.297e-08  NOR2X1
g114393                        1.417e-06   2.206e-06   3.658e-06   3.464e-08  NOR2X1
g114748                         2.88e-06    7.38e-07   3.656e-06   3.869e-08  OAI2BB1X1
g114958                        9.629e-07   2.657e-06   3.656e-06   3.591e-08  NAND2X1
g114920                        2.451e-06    1.15e-06   3.646e-06   4.533e-08  OAI22X1
g114874                        3.012e-06   5.791e-07   3.639e-06   4.821e-08  OAI2BB1X1
g114274__5122                  1.705e-06   1.893e-06   3.638e-06   3.998e-08  AO21X1
g115922                        2.408e-06   1.172e-06   3.632e-06   5.237e-08  MX2X1
g114446                        1.304e-06   2.287e-06   3.625e-06   3.365e-08  NAND2X1
g113994__2398                  1.703e-06   1.881e-06   3.614e-06   2.952e-08  NAND2X1
g114817                        3.195e-06   3.702e-07   3.612e-06   4.725e-08  OAI2BB1X1
g114263                        1.926e-06   1.646e-06    3.61e-06   3.838e-08  OR2X1
g113869__8428                  2.069e-06   1.509e-06   3.609e-06   3.075e-08  NOR2X1
g115721                        1.791e-06   1.773e-06   3.607e-06   4.252e-08  NAND2BX1
g113808__5477                  1.816e-06   1.752e-06   3.606e-06   3.766e-08  NOR2X1
g114546                        2.404e-06   1.145e-06   3.601e-06   5.269e-08  MX2X1
g113019                        2.285e-06   1.295e-06   3.601e-06   2.082e-08  INVX1
g113530__9315                  2.605e-06   9.595e-07   3.599e-06   3.481e-08  NOR2X1
g113746__2398                  2.526e-06   1.039e-06   3.592e-06   2.705e-08  NOR2X1
g115357                         2.85e-06   6.943e-07   3.587e-06   4.269e-08  AOI2BB1X1
g114061__8428                  1.545e-06   2.006e-06   3.584e-06   3.355e-08  NOR2X1
g114367                        2.602e-06   9.432e-07   3.583e-06   3.849e-08  AOI2BB1X1
g114229                        2.855e-06   6.886e-07    3.58e-06   3.692e-08  AOI2BB1X1
g113507                        1.991e-06   1.568e-06    3.58e-06   2.057e-08  INVX1
g113800__4733                  1.496e-06   2.055e-06    3.58e-06   2.807e-08  AOI21X1
g115390                        1.217e-06   2.327e-06   3.574e-06   2.959e-08  NAND2X1
g115920                        2.408e-06   1.111e-06   3.572e-06   5.237e-08  MX2X1
g114301                         2.73e-06   7.974e-07    3.57e-06   4.234e-08  OAI31X1
g114759                        2.514e-06   1.008e-06   3.567e-06   4.479e-08  OAI22X1
g115974                        7.657e-07   2.775e-06   3.566e-06   2.576e-08  NOR2X1
g114499                        2.079e-06    1.45e-06   3.566e-06   3.695e-08  NAND3X1
g113920                        2.562e-06   9.632e-07   3.563e-06    3.73e-08  OR2X1
g114180                        2.495e-06    1.02e-06   3.551e-06   3.556e-08  AND2X1
FE_OFC21_n_5178                1.688e-06   1.817e-06    3.55e-06   4.424e-08  INVX2
g114916                        2.528e-06   9.738e-07   3.549e-06   4.714e-08  OAI2BB1X1
g112983__5107                  2.551e-06    9.54e-07   3.547e-06   4.214e-08  OAI2BB1X1
g115387                        1.232e-06    2.28e-06   3.543e-06   3.099e-08  NOR2X1
g114721                        2.947e-06   5.567e-07   3.542e-06   3.882e-08  AOI2BB1X1
g114919                         2.52e-06   9.704e-07   3.542e-06   5.118e-08  AOI2BB1X1
g114434                        1.823e-06   1.668e-06   3.538e-06   4.694e-08  OAI2BB1X1
g113950                        1.822e-06   1.663e-06   3.535e-06   5.006e-08  NOR3X1
g114960                        1.293e-06   2.206e-06    3.53e-06   3.035e-08  NOR2X1
g115892                        2.766e-06   7.136e-07   3.527e-06   4.747e-08  AOI2BB1X1
g115346                        2.852e-06   6.315e-07   3.526e-06   4.269e-08  AOI2BB1X1
g113649__7482                  2.198e-06   1.302e-06   3.525e-06   2.502e-08  NOR2X1
g114961                        1.289e-06   2.204e-06   3.523e-06   3.036e-08  NOR2X1
g114910                        2.745e-06   7.159e-07   3.505e-06   4.413e-08  OAI22X1
g114226                        1.532e-06   1.936e-06   3.503e-06   3.587e-08  NOR2X1
g114401                        1.384e-06   2.086e-06   3.501e-06   3.061e-08  NOR2X1
g114084__6417                  1.724e-06   1.747e-06   3.498e-06   2.641e-08  NOR2X1
g114903                        2.755e-06   6.973e-07   3.492e-06   3.964e-08  AOI2BB1X1
g114556                        1.393e-06   2.063e-06    3.49e-06   3.341e-08  NAND2X1
g114563                        1.365e-06    2.07e-06   3.487e-06   5.205e-08  NOR3X1
g113699                        1.339e-06   2.122e-06   3.482e-06   2.078e-08  INVX1
g114396                        1.482e-06   1.969e-06   3.481e-06   3.061e-08  NOR2X1
g113653__5115                  1.918e-06   1.518e-06   3.471e-06   3.364e-08  NOR2X1
g113769__6260                  1.184e-06   2.249e-06   3.468e-06   3.577e-08  NAND2X1
g113525__6161                  2.037e-06   1.397e-06   3.468e-06   3.428e-08  NAND2X1
g115913                        2.785e-06   6.357e-07   3.468e-06   4.747e-08  AOI2BB1X1
g114939                        2.629e-06     7.9e-07   3.462e-06    4.23e-08  AOI22X1
g114488                        2.526e-06   8.843e-07   3.461e-06   5.118e-08  AOI2BB1X1
g115979                        1.458e-06   1.949e-06    3.46e-06   5.337e-08  NOR2X2
g114774                        2.681e-06   7.307e-07   3.457e-06   4.552e-08  OAI22X1
g113847__5526                  2.303e-06   1.118e-06    3.45e-06   2.917e-08  NOR2X1
g113916__9945                  2.194e-06   1.224e-06   3.444e-06   2.704e-08  NOR2X1
g114007__9945                  1.445e-06   1.968e-06   3.438e-06   2.572e-08  NOR2X1
g113676__1666                  2.838e-06   5.671e-07   3.438e-06   3.324e-08  AND2X1
g114581                        1.272e-06   2.105e-06    3.43e-06   5.278e-08  NOR3X1
g115368                          1.9e-06   1.492e-06   3.428e-06   3.646e-08  OAI21X1
g113667__5526                  1.991e-06   1.409e-06   3.424e-06   2.451e-08  NOR3X1
g113600__2398                  2.856e-06   5.292e-07   3.423e-06   3.708e-08  OR2X1
g116091                        4.399e-07   2.962e-06   3.422e-06   2.082e-08  INVX1
g113833                        1.207e-06   2.192e-06    3.42e-06   2.085e-08  INVX1
g113957__1705                  1.102e-06   2.278e-06   3.418e-06   3.838e-08  NOR2X1
g113413__5477                  2.284e-06   1.095e-06   3.415e-06   3.567e-08  NOR2X1
FE_OFC123_n_239                4.497e-07   2.942e-06   3.412e-06   2.017e-08  INVX1
g114767                        2.515e-06   8.505e-07    3.41e-06   4.479e-08  OAI22X1
g115254                        2.846e-06   4.896e-07   3.401e-06   6.562e-08  AOI2BB2X1
g114938                        2.326e-06   1.028e-06   3.398e-06   4.404e-08  AOI22X1
g114090__3680                  1.506e-06   1.863e-06   3.395e-06   2.545e-08  NOR2X1
g114766                        2.515e-06   8.345e-07   3.394e-06   4.479e-08  OAI22X1
g114952                        2.748e-06   5.999e-07   3.392e-06   4.413e-08  OAI22X1
g114082                        1.639e-06   1.715e-06   3.384e-06   2.946e-08  NAND3X1
g114711                        2.574e-06   7.627e-07   3.384e-06   4.764e-08  AOI2BB1X1
g113491__6417                  2.191e-06    1.17e-06   3.384e-06    2.24e-08  NOR2X1
g115668                        2.733e-06    5.97e-07   3.381e-06   5.113e-08  AOI2BB1X1
g114489                        1.893e-06   1.449e-06   3.378e-06   3.633e-08  OAI21X1
g114893                        2.518e-06   8.089e-07   3.378e-06   5.118e-08  AOI2BB1X1
g114186                        2.144e-06   1.195e-06    3.37e-06    3.15e-08  NOR2X1
g114392                        1.483e-06   1.856e-06   3.369e-06   3.061e-08  NOR2X1
g114707                        2.553e-06   7.675e-07   3.366e-06   4.479e-08  OAI22X1
g114231__5115                  2.785e-06   5.432e-07   3.365e-06   3.692e-08  AOI2BB1X1
g114801                        7.149e-07   2.609e-06   3.364e-06   4.008e-08  NOR2X1
g115894                        2.785e-06   5.299e-07   3.362e-06   4.747e-08  AOI2BB1X1
g114278                        1.139e-06   2.187e-06   3.359e-06   3.324e-08  NAND2X1
g115697                        2.708e-06   5.995e-07   3.355e-06   4.807e-08  AOI2BB1X1
g114753                        2.551e-06   7.461e-07   3.342e-06   4.524e-08  OAI22X1
g114179                        1.929e-06   1.375e-06    3.34e-06   3.586e-08  AND2X1
g114622                        1.349e-06   1.953e-06   3.339e-06   3.685e-08  NOR2X1
g114255                        1.885e-06   1.418e-06   3.336e-06   3.279e-08  NOR2X1
g114495                        2.353e-06   9.437e-07   3.334e-06   3.711e-08  OAI21X1
g114496                        2.407e-06   8.897e-07   3.332e-06   3.514e-08  AOI2BB1X1
g115698                        2.708e-06   5.739e-07    3.33e-06   4.807e-08  AOI2BB1X1
g114754                        2.549e-06   7.361e-07    3.33e-06   4.524e-08  OAI22X1
g113652__1881                  2.064e-06   1.235e-06   3.329e-06   3.018e-08  NOR2X1
g114744                        2.548e-06   7.259e-07   3.319e-06   4.524e-08  OAI22X1
g115916                         2.77e-06   4.992e-07   3.317e-06   4.747e-08  AOI2BB1X1
g113989__6131                  2.752e-06    5.26e-07   3.312e-06   3.408e-08  NAND2BX1
g114268                        1.135e-06   2.144e-06   3.312e-06   3.324e-08  NAND2X1
g113932__8246                   2.49e-06   7.732e-07   3.308e-06   4.551e-08  NOR2BX1
g114762                        2.682e-06     5.8e-07   3.307e-06   4.552e-08  OAI22X1
g114554                        1.425e-06   1.824e-06   3.301e-06    5.19e-08  NOR3X1
g114908                        2.479e-06   7.626e-07   3.289e-06   4.715e-08  OAI2BB1X1
g113545__5526                  1.651e-06   1.609e-06   3.281e-06   2.023e-08  NOR2X1
g114736                        2.791e-06    4.47e-07   3.278e-06   3.965e-08  AOI2BB1X1
g114416                        1.346e-06   1.895e-06   3.278e-06   3.685e-08  NOR2X1
g115180__1666                  1.347e-06   1.893e-06   3.276e-06   3.659e-08  AND2X1
g114424                        1.381e-06   1.853e-06   3.268e-06   3.383e-08  NAND2X1
g114800                        1.659e-06    1.56e-06   3.264e-06   4.478e-08  OAI2BB1X1
g112993__1617                   2.24e-06   9.817e-07   3.256e-06   3.417e-08  OAI21X1
g113936__6131                  1.909e-06   1.311e-06   3.255e-06   3.472e-08  NOR2X1
g113934__7482                  1.919e-06   1.299e-06   3.253e-06   3.515e-08  NOR2X1
g114733                        1.873e-06   1.335e-06   3.245e-06   3.658e-08  OAI21X1
g113702                        1.258e-06   1.966e-06   3.244e-06   2.033e-08  INVX1
g114388                        1.459e-06    1.75e-06   3.243e-06   3.418e-08  NOR2X1
g114963                        1.526e-06   1.679e-06    3.24e-06   3.448e-08  NOR2X1
g113548__6783                  2.736e-06   4.589e-07   3.238e-06   4.297e-08  NOR3BX1
g114426                        1.373e-06   1.823e-06    3.23e-06   3.386e-08  NAND2X1
g114776                        2.489e-06   6.999e-07   3.229e-06   4.012e-08  AOI22X1
g113996                        1.259e-06   1.945e-06   3.226e-06   2.265e-08  NOR2X1
g114747                        2.678e-06   5.047e-07   3.226e-06   4.287e-08  OA22X1
g114261                        1.893e-06    1.29e-06   3.221e-06   3.838e-08  OR2X1
g114503                        2.302e-06   8.803e-07    3.22e-06   3.711e-08  OAI21X1
g113852__9945                  1.974e-06   1.217e-06   3.219e-06   2.895e-08  NOR2X1
g114252                        1.925e-06   1.256e-06   3.219e-06   3.838e-08  OR2X1
g114909                        2.132e-06   1.042e-06   3.215e-06     4.2e-08  OAI22X1
g114745                        2.438e-06   7.329e-07   3.213e-06    4.25e-08  OA22X1
g115834                        9.755e-07   2.203e-06   3.213e-06   3.426e-08  NOR2X1
g114935                         2.81e-06     3.5e-07   3.212e-06   5.187e-08  MX2X1
g114751                         2.55e-06   6.153e-07   3.211e-06   4.524e-08  OAI22X1
g114877                        1.887e-06   1.288e-06    3.21e-06   3.563e-08  OAI21X1
g114236                        1.615e-06   1.552e-06   3.202e-06   3.453e-08  NOR2X1
g114474                         8.56e-07   2.324e-06     3.2e-06   2.044e-08  INVX1
g114060                        2.348e-06   8.161e-07     3.2e-06   3.602e-08  AND2X1
g114862                        2.129e-06   1.021e-06   3.194e-06   4.412e-08  AOI22X1
g114755                        2.432e-06    7.16e-07   3.191e-06   4.254e-08  AO22X1
g114761                        2.515e-06   6.291e-07   3.189e-06   4.479e-08  OAI22X1
g114218                        2.273e-06   8.703e-07   3.181e-06    3.79e-08  OAI21X1
g115981                        7.656e-07   2.388e-06    3.18e-06   2.576e-08  NOR2X1
g114365                         1.72e-06   1.409e-06   3.169e-06   4.074e-08  AOI21X1
g114101                        1.872e-06    1.26e-06   3.169e-06   3.655e-08  OAI21X1
g113658__6161                   2.64e-06   4.947e-07   3.167e-06   3.235e-08  NOR2BX1
g113849__5107                  1.795e-06   1.343e-06   3.165e-06   2.588e-08  NOR2X1
FE_DBTC6_n_436                 2.743e-07   2.866e-06   3.162e-06   2.189e-08  INVX1
g114553                        1.366e-06   1.741e-06    3.16e-06   5.205e-08  NOR3X1
g114894                        2.528e-06   5.846e-07    3.16e-06   4.714e-08  OAI2BB1X1
g114765                        2.514e-06   5.975e-07   3.156e-06   4.479e-08  OAI22X1
g113493__4733                  1.932e-06     1.2e-06   3.155e-06   2.272e-08  NAND2X1
g114768                        2.514e-06   5.935e-07   3.152e-06   4.479e-08  OAI22X1
g114900                        2.343e-06   7.637e-07    3.15e-06   4.351e-08  OA22X1
g114888                        2.518e-06   5.793e-07   3.148e-06   5.118e-08  AOI2BB1X1
g114928                        2.432e-06   6.752e-07   3.148e-06   4.117e-08  AOI22X1
g114193                        1.184e-06   1.923e-06   3.144e-06   3.799e-08  NOR2X1
g113597__3680                  1.947e-06   1.167e-06   3.143e-06   2.923e-08  AOI21X1
g114858                        2.579e-06   5.137e-07   3.141e-06   4.783e-08  OAI2BB1X1
g114142                        1.737e-06   1.374e-06   3.139e-06   2.897e-08  NAND2X1
g115711                        9.068e-07   2.201e-06   3.134e-06   2.655e-08  NAND2X1
g114411                        1.432e-06   1.664e-06   3.132e-06   3.681e-08  AOI21X1
g115719                        1.505e-06   1.593e-06   3.132e-06   3.385e-08  AND2X1
g113655__8246                  2.178e-06   9.196e-07   3.131e-06   3.353e-08  OR2X1
g116097                        4.398e-07   2.664e-06   3.125e-06   2.082e-08  INVX1
g115672                        2.218e-06   8.645e-07   3.124e-06   4.203e-08  OAI22X1
g114937                        2.326e-06     7.5e-07    3.12e-06   4.404e-08  AOI22X1
g114525                        2.042e-06   1.038e-06   3.119e-06   3.898e-08  AOI21X1
g114083                         1.67e-06   1.417e-06   3.118e-06   3.075e-08  NOR3X1
g115671                        2.442e-06   6.243e-07   3.118e-06   5.172e-08  MX2X1
g114718                        2.112e-06   9.557e-07   3.115e-06   4.689e-08  AOI2BB1X1
g114739                        2.439e-06    6.26e-07   3.107e-06    4.25e-08  OA22X1
g114478                        1.995e-06   1.072e-06   3.104e-06   3.657e-08  AOI21X1
g114191                        1.369e-06     1.7e-06   3.093e-06   2.499e-08  NOR2X1
g114243                        1.646e-06   1.394e-06   3.087e-06   4.689e-08  NAND3X1
g115383                        1.165e-06   1.888e-06   3.087e-06   3.382e-08  NAND2X1
g115673                        2.441e-06    5.87e-07    3.08e-06   5.172e-08  MX2X1
g115356                         2.32e-06   7.094e-07   3.074e-06   4.463e-08  OAI22X1
g114099__2802                  1.625e-06   1.412e-06   3.072e-06   3.451e-08  NOR2X1
g114354                        2.087e-06   9.447e-07   3.069e-06   3.704e-08  OAI21X1
g114873                        2.235e-06   7.873e-07   3.066e-06   4.351e-08  OA22X1
g114453                        1.388e-06   1.642e-06   3.064e-06   3.357e-08  NAND2X1
g114000__2883                  1.417e-06   1.622e-06   3.062e-06   2.344e-08  NOR2X1
g113511                        1.562e-06   1.479e-06   3.062e-06   2.107e-08  INVX1
g113850__9315                      2e-06   1.036e-06   3.061e-06   2.553e-08  NOR2X1
g114905                        2.478e-06   5.305e-07   3.056e-06   4.715e-08  OAI2BB1X1
g114395                        1.483e-06   1.539e-06   3.053e-06   3.061e-08  NOR2X1
g114959                        1.091e-06   1.934e-06   3.052e-06   2.756e-08  NOR2X1
g114692                        1.578e-06   1.436e-06   3.047e-06   3.304e-08  AND2X1
g115657                        2.068e-06   9.391e-07   3.047e-06   3.961e-08  NAND2BX1
g114089                        1.712e-06   1.303e-06   3.045e-06   3.021e-08  NOR3X1
g113670__1881                  1.548e-06   1.472e-06   3.042e-06   2.188e-08  NOR2X1
g114559                        1.088e-06   1.926e-06   3.042e-06   2.733e-08  NOR2X1
g114447                        1.373e-06   1.635e-06   3.041e-06   3.346e-08  NAND2X1
g114574                        2.068e-06   9.268e-07   3.036e-06   4.108e-08  AO21X1
g114933                        2.325e-06   6.636e-07   3.033e-06   4.404e-08  AOI22X1
g114338                        2.143e-06   8.505e-07    3.03e-06   3.618e-08  OAI21X1
g113927__4319                  1.787e-06   1.208e-06   3.029e-06   3.444e-08  NOR2X1
g114381                        1.519e-06   1.477e-06   3.029e-06   3.336e-08  NOR3X1
g114741                        2.257e-06   7.271e-07   3.028e-06   4.443e-08  OAI2BB2XL
g114382                        1.811e-06   1.182e-06   3.028e-06   3.434e-08  AND2X1
g114926                        2.127e-06    8.55e-07   3.024e-06     4.2e-08  OAI22X1
g114169__5107                  1.878e-06   1.102e-06   3.019e-06   3.877e-08  AOI21X1
g114770                        2.489e-06   4.865e-07   3.015e-06   4.012e-08  AOI22X1
g115156                        1.026e-06    1.95e-06   3.014e-06     3.8e-08  NOR2X1
g113949__1666                  1.707e-06   1.268e-06    3.01e-06   3.515e-08  NOR2X1
g114399                        1.367e-06   1.589e-06   3.008e-06   5.205e-08  NOR3X1
g114715                        2.196e-06   7.684e-07   3.008e-06   4.405e-08  OAI2BB1X1
g114675                        2.305e-06   6.612e-07   3.008e-06   4.132e-08  NOR3BX1
g114727                         2.43e-06   5.367e-07   3.006e-06    3.88e-08  AOI2BB1X1
g114726                         2.43e-06   5.355e-07   3.004e-06    3.88e-08  AOI2BB1X1
g114006__1881                  1.699e-06   1.267e-06   3.001e-06   3.451e-08  NOR2X1
g115903                         2.29e-06    6.67e-07   3.001e-06   4.326e-08  OAI22X1
g113375                        1.492e-06   1.486e-06   2.999e-06   2.022e-08  INVX1
g115918                        2.144e-06   7.906e-07   2.998e-06   6.315e-08  XNOR2X1
g113672                        1.614e-06   1.358e-06   2.993e-06   2.141e-08  INVX1
g116022                        1.249e-06   1.711e-06   2.993e-06   3.346e-08  AND2X1
g114087                        1.644e-06   1.321e-06   2.993e-06   2.813e-08  AND3XL
g115885                        2.183e-06   7.462e-07   2.992e-06   6.315e-08  CLKXOR2X1
g114485                        1.983e-06   9.675e-07   2.989e-06   3.833e-08  AOI21X1
g115718                        9.078e-07   2.053e-06   2.988e-06   2.655e-08  NAND2X1
g114531                        2.375e-06   5.593e-07   2.987e-06   5.263e-08  MX2X1
g114728                        2.074e-06   8.725e-07   2.983e-06   3.617e-08  OAI21X1
g115347                        2.321e-06   6.103e-07   2.976e-06   4.463e-08  OAI22X1
g115714                        9.011e-07   2.045e-06   2.973e-06   2.655e-08  NAND2X1
g113467                        1.557e-06   1.384e-06   2.962e-06   2.121e-08  INVX1
g114223__2883                  1.918e-06   1.008e-06   2.961e-06   3.535e-08  AOI21X1
g113745__5107                  1.929e-06   1.004e-06   2.961e-06   2.867e-08  NOR2X1
g113848__2398                   2.17e-06   7.566e-07   2.959e-06   3.173e-08  AND2X1
g114233                        1.627e-06   1.302e-06   2.959e-06   2.995e-08  NOR2X1
g114391                        1.852e-06   1.074e-06   2.958e-06   3.273e-08  NOR2X1
g114605                        1.336e-06   1.588e-06   2.958e-06    3.35e-08  NAND2X1
g114570                        1.387e-06   1.537e-06   2.957e-06   3.341e-08  NAND2X1
g114957                        1.292e-06   1.632e-06   2.954e-06   3.036e-08  NOR2X1
g114266                        1.907e-06   1.008e-06   2.953e-06   3.838e-08  OR2X1
g114190                         1.27e-06   1.655e-06   2.952e-06   2.635e-08  NOR2X1
g114940                         2.32e-06   5.851e-07    2.95e-06   4.472e-08  OAI22X1
g115173                        9.736e-07   1.941e-06   2.946e-06   3.121e-08  NOR2X1
g113361__4319                  1.433e-06   1.486e-06   2.944e-06   2.606e-08  NAND2X1
g115377                        1.526e-06   1.379e-06   2.944e-06    3.92e-08  AND2X1
g115832                        9.785e-07    1.93e-06   2.943e-06   3.426e-08  NOR2X1
g114497                        2.405e-06    5.01e-07   2.941e-06   3.514e-08  AOI2BB1X1
g115163                         1.22e-06   1.684e-06   2.941e-06   3.749e-08  AND2X1
g113625                        1.068e-06   1.851e-06    2.94e-06   2.087e-08  INVX1
g115292                        1.967e-06   9.206e-07   2.939e-06   5.095e-08  MX2X1
g115898                         2.29e-06   6.051e-07   2.939e-06   4.326e-08  OAI22X1
g114891                        2.394e-06   4.992e-07   2.936e-06     4.3e-08  OAI2BB2XL
g115154                        1.025e-06   1.869e-06   2.932e-06     3.8e-08  NOR2X1
g113921__2802                  2.018e-06   8.794e-07   2.931e-06   3.323e-08  AND2X1
g115217                         1.86e-06   1.033e-06    2.93e-06   3.704e-08  NAND2BX1
g114537                        2.375e-06   5.007e-07   2.928e-06   5.263e-08  MX2X1
g114339                        1.469e-06   1.424e-06   2.923e-06    3.06e-08  NAND2X1
g113657__1705                  2.123e-06    7.73e-07   2.922e-06   2.606e-08  NOR2X1
g115715                        1.522e-06   1.362e-06   2.919e-06    3.49e-08  OR2X1
g115915                        2.407e-06   4.586e-07   2.918e-06   5.237e-08  MX2X1
g115895                        2.023e-06   8.496e-07   2.916e-06   4.338e-08  AOI22X1
g113984__7098                   1.39e-06   1.488e-06   2.915e-06   3.678e-08  NOR2X1
g113508                        1.544e-06   1.349e-06   2.913e-06   2.068e-08  INVX1
g114790                        1.286e-06   1.593e-06    2.91e-06   3.052e-08  NOR2X1
g114230                        1.891e-06   9.644e-07   2.891e-06    3.61e-08  OAI21X1
g113838__2883                  1.806e-06   1.055e-06    2.89e-06   2.945e-08  NOR2X1
g113756                        6.604e-07   2.205e-06   2.887e-06   2.188e-08  INVX1
g114482                        1.955e-06   8.769e-07   2.872e-06   3.972e-08  AND2X1
g114011__7098                  1.727e-06   1.108e-06    2.87e-06   3.555e-08  NOR2X1
g114144                        1.812e-06   1.029e-06    2.87e-06   2.927e-08  NAND2X1
FE_OFC40_n_5013                9.617e-07   1.883e-06   2.865e-06    2.06e-08  INVX1
g113754__1666                  1.777e-06   1.061e-06   2.865e-06   2.622e-08  NOR3X1
g113697                         1.02e-06   1.822e-06   2.863e-06   2.079e-08  INVX1
g116098                        4.398e-07     2.4e-06   2.861e-06   2.082e-08  INVX1
g115728                        5.731e-07   2.263e-06   2.857e-06   2.099e-08  INVX1
g114012__6417                  1.277e-06   1.554e-06   2.857e-06   2.569e-08  NOR2X1
g114377                        1.706e-06   1.107e-06   2.854e-06   4.074e-08  AOI21X1
g113786__4733                  1.913e-06   8.999e-07   2.853e-06   4.003e-08  AOI21X1
g114402                        1.481e-06   1.337e-06   2.852e-06    3.46e-08  NOR2X1
g115020                        1.672e-06   1.143e-06    2.85e-06   3.484e-08  AND2X1
g115338                        1.946e-06   8.506e-07   2.848e-06   5.095e-08  MX2X1
g115262                        2.182e-06   6.257e-07   2.848e-06   3.994e-08  AO21X1
g115256                        1.969e-06   8.271e-07   2.847e-06   5.107e-08  MX2X1
g114001__2346                   1.27e-06   1.548e-06   2.844e-06   2.569e-08  NOR2X1
g115980                        1.249e-06   1.561e-06   2.844e-06   3.346e-08  AND2X1
g115831                        9.793e-07   1.829e-06   2.843e-06   3.426e-08  NOR2X1
g114359                        1.929e-06   8.724e-07   2.842e-06    4.05e-08  AOI21X1
g115564                        1.729e-06   1.076e-06   2.839e-06    3.49e-08  OR2X1
g115663                        2.442e-06   3.405e-07   2.834e-06   5.172e-08  MX2X1
g114859                        1.579e-06   1.206e-06   2.824e-06   3.868e-08  OAI21X1
g114235                        1.961e-06   8.239e-07   2.824e-06   3.874e-08  OAI21X1
g114032__5526                  1.349e-06   1.438e-06   2.821e-06    3.35e-08  NAND2X1
g115168                        9.045e-07   1.876e-06   2.815e-06   3.447e-08  NAND2X1
g115259                         2.31e-06   4.557e-07   2.814e-06   4.847e-08  OAI2BB1X1
g113703                        1.295e-06   1.498e-06   2.814e-06   2.116e-08  INVX1
g115982                        1.249e-06   1.526e-06   2.809e-06   3.346e-08  AND2X1
g114329                        1.471e-06   1.303e-06   2.805e-06    3.08e-08  NOR2X1
g114168                        1.862e-06   9.072e-07     2.8e-06   3.034e-08  NOR2X1
g114572                        1.116e-06    1.65e-06   2.799e-06   3.345e-08  NAND2X1
g114068                        1.999e-06   7.643e-07   2.799e-06   3.555e-08  OR2X1
g113919__2802                  1.761e-06   1.011e-06   2.797e-06   2.572e-08  NOR2X1
g113555__1617                  1.258e-06   1.516e-06   2.797e-06   2.213e-08  NOR2X1
g115889                        2.144e-06   5.805e-07   2.788e-06   6.315e-08  XNOR2X1
g115987                        7.656e-07   1.995e-06   2.786e-06   2.576e-08  NOR2X1
g115667                        2.066e-06   6.767e-07   2.782e-06   3.961e-08  NAND2BX1
g114172                        1.778e-06   9.719e-07    2.78e-06   3.025e-08  NAND2X1
g114803                        9.504e-07   1.808e-06    2.78e-06   2.132e-08  NOR2X1
g113443                        1.343e-06   1.415e-06   2.779e-06   2.165e-08  INVX1
g116024                        1.249e-06   1.496e-06   2.778e-06   3.346e-08  AND2X1
g114505                        2.394e-06   3.338e-07   2.778e-06   4.929e-08  OAI2BB1X1
g114508                        2.394e-06   3.321e-07   2.776e-06   4.929e-08  OAI2BB1X1
g115603                        8.656e-07   1.877e-06   2.775e-06   3.233e-08  OR2X1
g115284                         2.31e-06   4.144e-07   2.772e-06   4.847e-08  OAI2BB1X1
g115021                        1.332e-06   1.406e-06   2.771e-06   3.397e-08  NOR2BX1
g114530                        2.375e-06   3.426e-07    2.77e-06   5.263e-08  MX2X1
g115210                        1.648e-06   1.078e-06   2.767e-06   4.132e-08  OAI22X1
g114899                         2.11e-06    6.15e-07   2.767e-06   4.202e-08  OAI22X1
g114445                        1.281e-06   1.444e-06   2.758e-06    3.34e-08  NAND2X1
g114860                        2.009e-06   7.062e-07   2.757e-06   4.225e-08  OA21X1
g113743__1881                  1.753e-06   9.697e-07   2.757e-06   3.402e-08  NOR2X1
g113839__3680                  1.953e-06   7.672e-07   2.754e-06   3.342e-08  OAI21X1
g114151__1666                  1.712e-06   1.008e-06   2.751e-06   3.096e-08  NOR2X1
g114441                        1.209e-06   1.501e-06   2.743e-06   3.353e-08  NAND2X1
g114740                        1.793e-06   9.122e-07   2.742e-06   3.658e-08  OAI21X1
g114161                        1.906e-06   8.008e-07   2.742e-06   3.524e-08  OR2X1
g114866                        2.259e-06   4.405e-07   2.741e-06   4.154e-08  OAI22X1
g114271                        1.103e-06     1.6e-06    2.74e-06   3.665e-08  NOR2X1
g114915                        1.886e-06   8.144e-07   2.737e-06   3.563e-08  OAI21X1
g114355                        2.087e-06   6.122e-07   2.736e-06   3.704e-08  OAI21X1
g114868                        1.878e-06   8.211e-07   2.735e-06   3.563e-08  OAI21X1
g114080                        1.781e-06   9.161e-07   2.734e-06   3.776e-08  AO21X1
g114896                         2.11e-06   5.822e-07   2.734e-06   4.202e-08  OAI22X1
g113904                        1.261e-06   1.452e-06   2.734e-06    2.06e-08  INVX1
g114787                         2.11e-06   5.735e-07   2.732e-06   4.848e-08  NOR2BX1
g113659__8246                  2.041e-06   6.591e-07   2.726e-06   2.589e-08  NAND2X1
g115353                        2.061e-06   6.217e-07   2.723e-06   4.127e-08  AOI22X1
g114735                        1.874e-06   8.007e-07   2.711e-06   3.658e-08  OAI21X1
g114569                        1.424e-06   1.234e-06    2.71e-06    5.19e-08  NOR3X1
g115655                        2.071e-06   5.987e-07   2.709e-06   3.961e-08  NAND2BX1
g114523                        2.303e-06   3.509e-07   2.708e-06   5.419e-08  AOI2BB1X1
g114353                        2.087e-06   5.842e-07   2.708e-06   3.704e-08  OAI21X1
g114869                        1.878e-06   7.921e-07   2.706e-06   3.563e-08  OAI21X1
g114750                        1.794e-06   8.754e-07   2.706e-06   3.658e-08  OAI21X1
g114522                        2.303e-06   3.445e-07   2.702e-06   5.419e-08  AOI2BB1X1
g113942                          1.3e-06   1.381e-06   2.702e-06   2.072e-08  INVX1
g115674                        1.667e-06   9.965e-07   2.698e-06   3.507e-08  AOI21X1
g114403                        1.389e-06   1.279e-06   2.697e-06   2.951e-08  NOR2X1
g114922                        1.738e-06   9.138e-07   2.696e-06    4.48e-08  AOI22X1
g113990                         1.65e-06   1.009e-06   2.694e-06   3.527e-08  NOR2X1
g113862__3680                  1.771e-06    8.86e-07   2.693e-06    3.67e-08  NOR2X1
g115896                        2.024e-06   6.214e-07   2.689e-06   4.338e-08  AOI22X1
g114349                        1.705e-06   9.379e-07   2.684e-06   4.074e-08  AOI21X1
g113924__6161                   2.02e-06   6.252e-07   2.677e-06   3.256e-08  AND2X1
g114519                        2.303e-06   3.165e-07   2.674e-06   5.419e-08  AOI2BB1X1
g114512                        2.303e-06   3.163e-07   2.674e-06   5.419e-08  AOI2BB1X1
g115705                        1.549e-06   1.088e-06   2.673e-06   3.507e-08  OAI21X1
g113542                        9.947e-07   1.656e-06   2.671e-06   2.013e-08  INVX1
g114912                        1.887e-06   7.484e-07   2.671e-06   3.563e-08  OAI21X1
g114757                        1.845e-06   7.883e-07    2.67e-06   3.759e-08  AO21X1
g114360                         1.72e-06    9.08e-07   2.669e-06   4.074e-08  AOI21X1
g114493__1617                  1.371e-06   1.268e-06   2.666e-06   2.804e-08  AOI211XL
g116027                        7.656e-07   1.875e-06   2.666e-06   2.576e-08  NOR2X1
g113931__1705                  2.046e-06    5.65e-07   2.661e-06   5.001e-08  NOR2BX1
g115670                         1.99e-06   6.261e-07    2.66e-06    4.41e-08  AOI22X1
g116092                        4.398e-07   2.197e-06   2.658e-06   2.082e-08  INVX1
FE_OFC39_n_3274                8.231e-07   1.813e-06   2.657e-06   2.059e-08  INVX1
g115917                        2.144e-06   4.444e-07   2.652e-06   6.315e-08  XNOR2X1
g115330                        1.947e-06    6.53e-07   2.651e-06   5.095e-08  MX2X1
g115971                        1.249e-06   1.368e-06    2.65e-06   3.346e-08  AND2X1
g115321                        1.946e-06   6.514e-07   2.648e-06   5.095e-08  MX2X1
g115693                        2.096e-06   5.096e-07   2.645e-06   3.961e-08  NAND2BX1
g115686                        1.596e-06    1.01e-06   2.642e-06   3.569e-08  NOR2BX1
g115339                        1.949e-06   6.407e-07   2.641e-06   5.095e-08  MX2X1
g115654                        2.071e-06   5.271e-07   2.638e-06   3.961e-08  NAND2BX1
g113951__5115                  1.467e-06   1.144e-06   2.637e-06   2.651e-08  NOR2X1
g113709                        1.245e-06   1.371e-06   2.637e-06   2.118e-08  INVX1
g114272                        1.133e-06    1.47e-06   2.635e-06   3.324e-08  NAND2X1
g114892                        2.111e-06   4.791e-07   2.632e-06   4.202e-08  OAI22X1
g112974__9315                  1.881e-06   7.176e-07   2.632e-06   3.268e-08  AND2X1
g112995__3680                  1.008e-06    1.58e-06    2.63e-06   4.277e-08  AOI21X1
g115064                        1.672e-06   9.213e-07   2.628e-06   3.484e-08  AND2X1
g114408                        1.219e-06   1.374e-06   2.626e-06    3.29e-08  NAND2X1
g114070                        1.814e-06   7.733e-07   2.622e-06   3.452e-08  AND2X1
g115245                         1.17e-06   1.426e-06   2.622e-06   2.603e-08  NOR2X1
g114188                        2.037e-06   5.536e-07   2.622e-06   3.147e-08  NOR2BX1
g114540                        1.503e-06    1.07e-06   2.619e-06   4.608e-08  AOI22X1
g115226                            2e-06   5.775e-07   2.616e-06   3.877e-08  NOR2BX1
g114269                          1.1e-06    1.48e-06   2.616e-06   3.665e-08  NOR2X1
g115320                        1.648e-06    9.23e-07   2.612e-06   4.132e-08  OAI22X1
g114265                        1.133e-06   1.446e-06   2.612e-06   3.324e-08  NAND2X1
g115847                        5.616e-07   2.023e-06   2.609e-06    2.41e-08  NAND2X1
g115366                        1.248e-06   1.327e-06   2.606e-06    3.17e-08  NOR2X1
g114071                        1.184e-06   1.399e-06   2.606e-06   2.298e-08  NOR2X1
g114166                         1.82e-06   7.519e-07   2.606e-06   3.351e-08  AND2X1
g115161                        1.347e-06   1.221e-06   2.604e-06   3.659e-08  AND2X1
g115351                        1.491e-06   1.073e-06   2.597e-06   3.336e-08  AOI21X1
g114743                        1.844e-06   7.144e-07   2.597e-06   3.759e-08  AO21X1
g113851__2398                  1.638e-06    9.36e-07   2.597e-06   2.212e-08  NOR2X1
g115247                        1.963e-06   5.778e-07   2.592e-06   5.095e-08  MX2X1
g115352                        1.942e-06   5.976e-07    2.59e-06   5.107e-08  MX2X1
g114456                        8.514e-07   1.715e-06   2.587e-06   2.132e-08  NOR2X1
g114275                         1.14e-06   1.406e-06   2.579e-06   3.324e-08  NAND2X1
g113923__9315                  1.613e-06   9.344e-07   2.576e-06   2.864e-08  NOR2X1
g113541                        1.222e-06   1.333e-06   2.576e-06   2.066e-08  INVX1
g114348                          1.9e-06   6.365e-07   2.575e-06    3.85e-08  OAI21X1
g114470                        6.591e-07   1.889e-06   2.569e-06   2.044e-08  INVX1
g114842                        2.107e-06   4.203e-07   2.569e-06   4.108e-08  AO21X1
g113162__5115                  1.902e-06   6.207e-07   2.568e-06   4.567e-08  NAND2BX1
g114843                        1.668e-06   8.523e-07   2.567e-06    4.66e-08  OAI2BB1X1
g115090                        1.823e-06   7.019e-07   2.561e-06   3.619e-08  OAI21X1
g115253                        1.944e-06   5.584e-07   2.553e-06   5.095e-08  MX2X1
g115312                         1.94e-06   5.577e-07   2.549e-06   5.095e-08  MX2X1
g114951                        2.101e-06   3.902e-07   2.544e-06   5.341e-08  AOI2BB1X1
g115839                        9.704e-07   1.541e-06   2.543e-06   3.176e-08  NAND2X1
g115299                        1.963e-06   5.296e-07   2.543e-06   5.095e-08  MX2X1
g116099                        4.397e-07    2.08e-06   2.541e-06   2.082e-08  INVX1
g114370                        1.706e-06   7.916e-07   2.539e-06   4.074e-08  AOI21X1
g114898                        2.111e-06   3.841e-07   2.537e-06   4.202e-08  OAI22X1
g115342                        1.947e-06   5.376e-07   2.535e-06   5.095e-08  MX2X1
g114150                        1.726e-06   7.809e-07   2.534e-06    2.69e-08  NOR2X1
g114809__8428                  1.959e-06   5.179e-07   2.533e-06   5.584e-08  XNOR2X1
g115344                        1.949e-06   5.313e-07   2.531e-06   5.107e-08  MX2X1
g114885                         1.96e-06   5.288e-07   2.531e-06   4.227e-08  AO22X1
g115257                        1.944e-06    5.32e-07   2.527e-06   5.095e-08  MX2X1
g113841__2802                  1.587e-06   9.115e-07   2.527e-06   2.796e-08  NOR2X1
g114913                        2.037e-06    4.43e-07   2.522e-06     4.2e-08  OAI22X1
g115717                        9.084e-07   1.583e-06   2.518e-06   2.655e-08  NAND2X1
g114650                        1.557e-06   9.245e-07   2.512e-06   3.054e-08  NOR2X1
g115938                        4.505e-07   2.039e-06   2.511e-06   2.148e-08  INVX1
g113715                        1.181e-06   1.308e-06   2.509e-06   2.067e-08  INVX1
g113623                        1.298e-06    1.19e-06   2.508e-06   2.069e-08  INVX1
g115291                        1.962e-06   4.943e-07   2.507e-06   5.095e-08  MX2X1
g115297                        1.958e-06   4.984e-07   2.507e-06   5.095e-08  MX2X1
g114914                        1.976e-06   4.876e-07   2.506e-06   4.227e-08  AO22X1
g115178                        1.347e-06   1.123e-06   2.506e-06   3.659e-08  AND2X1
g115277                        1.962e-06   4.933e-07   2.506e-06   5.095e-08  MX2X1
FE_OFC124_n_264                4.486e-07   2.029e-06   2.499e-06   2.148e-08  INVX1
g113589                        1.157e-06    1.32e-06   2.498e-06   2.142e-08  INVX1
g115271                        1.789e-06   6.713e-07   2.498e-06    3.85e-08  OAI21X1
g113991                        1.519e-06   9.494e-07   2.498e-06   2.941e-08  NAND2X1
g115250                        1.944e-06   5.026e-07   2.497e-06   5.095e-08  MX2X1
g114363                         1.72e-06   7.366e-07   2.497e-06   4.074e-08  AOI21X1
g115345                         1.95e-06   4.954e-07   2.496e-06   5.095e-08  MX2X1
g113770                        1.362e-06   1.111e-06   2.494e-06   2.075e-08  INVX1
g114995                        1.133e-06   1.329e-06   2.493e-06   3.168e-08  AND2X1
g114708                        1.754e-06   7.005e-07   2.493e-06   3.793e-08  OAI21X1
g115167                        1.347e-06   1.108e-06   2.492e-06   3.659e-08  AND2X1
g115199                        6.725e-07   1.796e-06   2.489e-06   2.043e-08  INVX1
g115251                        1.944e-06   4.933e-07   2.488e-06   5.095e-08  MX2X1
g114347                        1.899e-06   5.494e-07   2.487e-06    3.85e-08  OAI21X1
g115295                        1.967e-06   4.665e-07   2.485e-06   5.095e-08  MX2X1
g113778                        1.322e-06    1.14e-06   2.483e-06   2.091e-08  INVX1
g113908                        1.309e-06   1.152e-06   2.482e-06   2.067e-08  INVX1
g115032                        1.669e-06   7.782e-07   2.482e-06   3.484e-08  AND2X1
g115263                        1.944e-06    4.85e-07    2.48e-06   5.095e-08  MX2X1
g114140                        1.596e-06   8.542e-07    2.48e-06   2.992e-08  NOR2X1
g114782                        1.047e-06   1.407e-06   2.478e-06    2.46e-08  NOR2X1
g114315                        1.601e-06   8.419e-07   2.477e-06   3.457e-08  NOR3X1
g114325__1705                  1.575e-06   8.639e-07   2.476e-06   3.735e-08  OAI21X1
g114889                         2.11e-06   3.213e-07   2.473e-06   4.202e-08  OAI22X1
g114738                        2.028e-06   4.078e-07   2.472e-06    3.66e-08  OA21X1
g114942                        1.292e-06   1.148e-06   2.471e-06   3.036e-08  NOR2X1
g115317                        1.631e-06   7.973e-07   2.469e-06   4.132e-08  OAI22X1
g114091__7410                  1.139e-06     1.3e-06   2.465e-06   2.569e-08  NOR2X1
g113900                        1.231e-06   1.212e-06   2.464e-06   2.082e-08  INVX1
g115594                        1.608e-06   8.198e-07   2.463e-06   3.569e-08  NOR2BX1
g115301                        1.959e-06    4.46e-07   2.456e-06   5.095e-08  MX2X1
g113509                        1.264e-06   1.166e-06   2.451e-06   2.143e-08  INVX1
g115238                        1.645e-06   7.626e-07   2.449e-06   4.132e-08  OAI22X1
g115988                        7.691e-07   1.653e-06   2.448e-06   2.606e-08  NAND2X1
g114802                        1.167e-06   1.248e-06   2.447e-06   3.146e-08  AND2X1
g115331                        1.942e-06   4.524e-07   2.445e-06   5.095e-08  MX2X1
g114220                        1.465e-06   9.477e-07   2.445e-06    3.28e-08  NOR2X1
g114232                        1.681e-06   7.232e-07   2.441e-06   3.734e-08  OAI21X1
g114841                         1.53e-06   8.693e-07    2.44e-06   4.128e-08  AOI21X1
g115242                        1.946e-06   4.418e-07   2.438e-06   5.095e-08  MX2X1
g114836                        1.767e-06   6.332e-07   2.438e-06   3.855e-08  OAI21X1
g115289                        1.962e-06   4.252e-07   2.438e-06   5.095e-08  MX2X1
g115148                        1.856e-06   5.449e-07   2.438e-06   3.689e-08  NOR2BX1
g115158                        1.347e-06   1.052e-06   2.436e-06   3.659e-08  AND2X1
g115590                         7.06e-07   1.705e-06   2.435e-06   2.439e-08  NOR2X1
g114907                        1.802e-06   5.853e-07   2.432e-06    4.48e-08  AOI22X1
g115165__6783                  1.347e-06   1.048e-06   2.431e-06   3.659e-08  AND2X1
g115340                        1.945e-06   4.337e-07   2.429e-06   5.095e-08  MX2X1
g115729                        5.513e-07   1.855e-06   2.427e-06    2.05e-08  INVX1
g114092__7098                  1.267e-06   1.125e-06   2.427e-06   3.452e-08  NOR2X1
g115285                        1.944e-06   4.321e-07   2.427e-06   5.095e-08  MX2X1
g115310                        1.629e-06   7.548e-07   2.425e-06   4.132e-08  OAI22X1
g114358                         1.72e-06   6.645e-07   2.425e-06   4.074e-08  AOI21X1
g115837                        9.848e-07   1.405e-06   2.424e-06   3.426e-08  NOR2X1
g114326                         1.48e-06   9.094e-07    2.42e-06   3.061e-08  NOR2X1
g114260                        1.132e-06   1.255e-06    2.42e-06   3.324e-08  NAND2X1
g116030                        7.655e-07   1.625e-06   2.416e-06   2.576e-08  NOR2X1
g115139                        2.049e-06    3.27e-07   2.414e-06   3.878e-08  NOR2BX1
g116029                        7.655e-07   1.622e-06   2.413e-06   2.576e-08  NOR2X1
g115286                        1.944e-06    4.18e-07   2.413e-06   5.095e-08  MX2X1
g115313                         1.96e-06    4.02e-07   2.413e-06   5.095e-08  MX2X1
g114886                         1.72e-06   6.472e-07   2.412e-06    4.48e-08  AOI22X1
g114534                        1.918e-06   4.457e-07   2.407e-06   4.325e-08  OAI22X1
g115283                        1.944e-06   4.087e-07   2.404e-06   5.095e-08  MX2X1
g114002                        9.886e-07   1.392e-06   2.403e-06   2.233e-08  NOR2X1
g115704                        1.118e-06   1.254e-06   2.402e-06   2.969e-08  NAND2X1
g115309                        1.963e-06   3.841e-07   2.398e-06   5.095e-08  MX2X1
g115298                        1.965e-06   3.818e-07   2.398e-06   5.095e-08  MX2X1
g115336                        1.951e-06   3.952e-07   2.398e-06   5.095e-08  MX2X1
g115306                         1.63e-06   7.245e-07   2.396e-06   4.132e-08  OAI22X1
g115337                        1.949e-06   3.952e-07   2.395e-06   5.095e-08  MX2X1
g114583                        1.034e-06   1.324e-06   2.394e-06   3.685e-08  NOR2X1
g113543                        1.449e-06   9.216e-07   2.391e-06   2.105e-08  INVX1
g114880                        1.724e-06   6.209e-07   2.389e-06    4.48e-08  AOI22X1
g115258                        1.944e-06   3.937e-07   2.389e-06   5.095e-08  MX2X1
FE_OFC42_n_5099                7.894e-07   1.572e-06   2.383e-06   2.126e-08  INVX1
g114330                        1.322e-06   1.023e-06    2.38e-06   3.512e-08  NOR2X1
g114316                        1.849e-06   4.967e-07    2.38e-06   3.386e-08  AND2X1
g115290                        1.963e-06   3.625e-07   2.376e-06   5.095e-08  MX2X1
g114378                        1.331e-06   1.016e-06   2.376e-06    2.88e-08  NOR2X1
g115308                         1.94e-06   3.816e-07   2.373e-06   5.095e-08  MX2X1
g115126                        1.075e-06   1.269e-06   2.372e-06   2.816e-08  NOR2X1
g115326                        1.942e-06   3.789e-07   2.371e-06   5.095e-08  MX2X1
g114881                        1.723e-06   6.034e-07   2.371e-06    4.48e-08  AOI22X1
g114475                        8.532e-07   1.496e-06    2.37e-06   2.044e-08  INVX1
g115174                        1.347e-06   9.863e-07   2.369e-06   3.659e-08  AND2X1
g114267                        1.104e-06   1.223e-06   2.363e-06   3.665e-08  NOR2X1
g115038                        1.673e-06   6.512e-07    2.36e-06   3.542e-08  OR2X1
g115172                        8.807e-07   1.448e-06   2.358e-06   2.995e-08  NAND2X1
g113704                        1.261e-06   1.072e-06   2.354e-06   2.081e-08  INVX1
g114346                        1.204e-06   1.111e-06   2.351e-06   3.527e-08  NOR2X1
g114312                         1.55e-06   7.675e-07   2.349e-06   3.132e-08  NOR3X1
g114270                        1.131e-06   1.181e-06   2.346e-06   3.324e-08  NAND2X1
g116026                        7.655e-07   1.553e-06   2.344e-06   2.576e-08  NOR2X1
g114264                         1.23e-06   1.082e-06   2.344e-06   3.262e-08  NAND2X1
g115983                        7.601e-07   1.557e-06   2.343e-06   2.606e-08  NAND2X1
g115327                        1.496e-06   7.991e-07   2.339e-06   4.426e-08  AOI22X1
FE_OFC33_n_5005                7.424e-07   1.574e-06   2.337e-06   2.039e-08  INVX1
g113896                        1.239e-06   1.073e-06   2.333e-06   2.085e-08  INVX1
g114141                         1.45e-06   8.492e-07   2.333e-06   3.332e-08  NOR2X1
g115976                        7.601e-07   1.545e-06   2.331e-06   2.606e-08  NAND2X1
g114875                        1.723e-06   5.625e-07    2.33e-06    4.48e-08  AOI22X1
g114882                        1.723e-06   5.606e-07   2.329e-06    4.48e-08  AOI22X1
g115348                        1.944e-06   3.333e-07   2.328e-06   5.095e-08  MX2X1
g115977                        7.655e-07   1.537e-06   2.328e-06   2.576e-08  NOR2X1
g115268                        1.788e-06   4.995e-07   2.326e-06    3.85e-08  OAI21X1
g113587                        1.112e-06   1.193e-06   2.326e-06   2.165e-08  INVX1
g114072__1705                  1.179e-06   1.123e-06   2.326e-06    2.43e-08  NAND2X1
g114404                        1.287e-06   1.006e-06   2.325e-06   3.145e-08  AND2X1
g115568                          1.5e-06   7.892e-07   2.324e-06     3.5e-08  NOR2BX1
g115159                        1.347e-06   9.396e-07   2.323e-06   3.659e-08  AND2X1
g113840__1617                   1.49e-06   8.025e-07   2.319e-06   2.592e-08  NOR2X1
g115561                        1.801e-06   4.831e-07   2.319e-06   3.441e-08  AND2X1
g114573                        1.098e-06   1.183e-06   2.318e-06   3.685e-08  NOR2X1
g114560                        1.621e-06   6.447e-07   2.317e-06   5.122e-08  MX2X1
g115037                        1.669e-06   6.108e-07   2.315e-06   3.484e-08  AND2X1
g114215                        1.462e-06   8.227e-07   2.311e-06   2.544e-08  NOR2X1
g114917                        1.738e-06   5.274e-07    2.31e-06    4.48e-08  AOI22X1
g114543                        1.503e-06   7.608e-07   2.309e-06   4.608e-08  AOI22X1
g115135                        1.678e-06   5.967e-07   2.308e-06   3.375e-08  AND2X1
g114777                        1.021e-06    1.26e-06   2.307e-06   2.632e-08  NOR2X1
g113710                        1.068e-06   1.205e-06   2.295e-06   2.108e-08  INVX1
g114672                        1.779e-06   4.805e-07   2.294e-06   3.469e-08  AND2X1
FE_OFC85_n_643                 3.354e-07   1.937e-06   2.294e-06   2.181e-08  INVX1
g113978                        9.082e-07   1.363e-06   2.292e-06    2.05e-08  INVX1
g113907                        1.158e-06   1.111e-06    2.29e-06    2.06e-08  INVX1
g115065                        1.033e-06   1.226e-06   2.287e-06   2.817e-08  NOR2X1
g115675                        1.493e-06   7.513e-07   2.282e-06   3.734e-08  OAI21X1
g115371                        1.015e-06   1.236e-06   2.279e-06   2.816e-08  NOR2X1
g114544                        1.502e-06   7.301e-07   2.279e-06   4.608e-08  AOI22X1
g114317                        1.479e-06   7.703e-07   2.278e-06   2.927e-08  NAND2X1
g113434__1881                  1.771e-06   4.786e-07   2.274e-06   2.481e-08  NOR2X1
FE_OFC117_n_886                3.418e-07   1.906e-06    2.27e-06   2.181e-08  INVX1
g114545                        1.502e-06    7.21e-07   2.269e-06   4.608e-08  AOI22X1
g115228                        1.077e-06   1.164e-06   2.269e-06   2.816e-08  NOR2X1
g115169                        1.347e-06   8.835e-07   2.267e-06   3.659e-08  AND2X1
g114095__6131                  1.415e-06   8.139e-07   2.264e-06   3.508e-08  NOR2X1
FE_OFC88_n_434                 5.578e-07   1.683e-06   2.262e-06   2.066e-08  INVX1
g115164                        1.347e-06   8.737e-07   2.257e-06   3.659e-08  AND2X1
g114884                        1.724e-06   4.878e-07   2.257e-06    4.48e-08  AOI22X1
g114944                        1.292e-06   9.333e-07   2.255e-06   3.036e-08  NOR2X1
g113747__7410                  1.413e-06     8.2e-07   2.255e-06   2.144e-08  NOR2X1
g114710                        1.468e-06   7.458e-07   2.253e-06   3.964e-08  AOI21X1
g115638                        1.647e-06   5.665e-07    2.25e-06   3.593e-08  OR2X1
g114238                         1.13e-06   1.085e-06   2.249e-06   3.324e-08  NAND2X1
g115252                        1.944e-06   2.538e-07   2.249e-06   5.095e-08  MX2X1
g114165__2398                  1.539e-06   6.737e-07   2.246e-06   3.329e-08  NOR2X1
g115319                        1.648e-06   5.515e-07   2.241e-06   4.132e-08  OAI22X1
g114883                        1.723e-06   4.715e-07   2.239e-06    4.48e-08  AOI22X1
g114069__6417                  1.311e-06   8.992e-07   2.238e-06    2.83e-08  NOR2X1
g114936                        1.704e-06   4.901e-07   2.238e-06   4.421e-08  AOI22X1
g115296                        9.721e-07   1.222e-06   2.237e-06   4.286e-08  AOI21X1
g115350                        1.491e-06   7.112e-07   2.236e-06   3.336e-08  AOI21X1
g114763                        1.611e-06    5.88e-07   2.231e-06   3.206e-08  AOI21X1
FE_OFC30_n_4968                8.719e-07   1.338e-06   2.231e-06   2.122e-08  INVX1
g115919                         9.66e-07   1.232e-06    2.23e-06   3.176e-08  NAND2X1
g114458                        7.913e-07   1.412e-06   2.225e-06   2.125e-08  INVX1
g114332                        1.322e-06   8.676e-07   2.224e-06   3.443e-08  NOR2X1
g113626                        1.193e-06   1.009e-06   2.223e-06   2.162e-08  INVX1
g115269                        1.588e-06   5.922e-07   2.221e-06   4.072e-08  AOI21X1
g115019                         1.02e-06   1.172e-06    2.22e-06   2.816e-08  NOR2X1
g113785__6260                  1.583e-06   6.038e-07   2.219e-06   3.248e-08  OAI21X1
g115278                        1.431e-06   7.529e-07   2.217e-06   3.237e-08  NAND3X1
g114948                        1.828e-06   3.358e-07   2.215e-06    5.09e-08  MX2X1
g114822                        1.518e-06   6.553e-07   2.215e-06   4.128e-08  AOI21X1
g115270                        1.588e-06    5.85e-07   2.214e-06   4.072e-08  AOI21X1
g115008                        1.333e-06    8.45e-07   2.213e-06   3.439e-08  NOR2X1
g116025                        7.886e-07   1.397e-06   2.212e-06   2.576e-08  NOR2X1
g115131                        1.079e-06   1.104e-06   2.211e-06   2.816e-08  NOR2X1
g114228__6161                  1.317e-06    8.68e-07   2.211e-06   2.638e-08  NOR2X1
g114946                        1.828e-06   3.249e-07   2.204e-06    5.09e-08  MX2X1
g114876                        1.517e-06   6.477e-07   2.203e-06   3.911e-08  OAI21X1
g114562__6417                  1.756e-06   3.918e-07     2.2e-06   5.256e-08  MX2X1
g115685                        1.576e-06   5.883e-07   2.198e-06   3.425e-08  AND2X1
g115043                         1.67e-06    4.91e-07   2.196e-06   3.484e-08  AND2X1
g115978                        7.655e-07   1.405e-06   2.196e-06   2.576e-08  NOR2X1
g115034                        1.669e-06    4.91e-07   2.195e-06   3.484e-08  AND2X1
g114818                        1.519e-06   6.344e-07   2.194e-06   4.128e-08  AOI21X1
g113112__6161                  1.693e-06   4.773e-07   2.194e-06   2.304e-08  NAND3BXL
g114840                        1.527e-06    6.26e-07   2.194e-06   4.123e-08  AOI21X1
g114065                        1.592e-06   5.675e-07   2.193e-06    3.31e-08  OR2X1
g114717                        1.756e-06   3.945e-07   2.192e-06   4.204e-08  OAI2BB1X1
g115398                        1.051e-06   1.104e-06   2.191e-06   3.664e-08  NOR2X1
g114832                        1.523e-06   6.268e-07   2.191e-06   4.128e-08  AOI21X1
g115142                        1.683e-06   4.707e-07   2.189e-06   3.542e-08  OR2X1
g115688                        1.537e-06   6.142e-07   2.188e-06   3.651e-08  AND2X1
g115049                        1.033e-06   1.127e-06   2.188e-06   2.817e-08  NOR2X1
g114200                        6.733e-07   1.494e-06   2.187e-06    1.99e-08  NOR2X1
g114173                         1.02e-06   1.143e-06   2.184e-06    2.22e-08  NOR2X1
g114653                        1.437e-06   7.143e-07   2.181e-06   3.036e-08  NOR2X1
g115103                        1.683e-06   4.621e-07   2.181e-06   3.542e-08  OR2X1
g114724                         1.59e-06   5.566e-07    2.18e-06   3.395e-08  OAI21X1
g114845                        1.513e-06    6.26e-07    2.18e-06   4.128e-08  AOI21X1
g115302                        1.629e-06   5.086e-07   2.179e-06   4.132e-08  OAI22X1
g115588                         1.65e-06   4.931e-07   2.179e-06   3.593e-08  OR2X1
g114303                        1.495e-06   6.521e-07   2.177e-06   3.009e-08  NOR2X1
g114277                        1.145e-06    9.99e-07   2.177e-06   3.323e-08  NAND2X1
g115563                        1.637e-06   5.026e-07   2.174e-06   3.441e-08  OR2X1
g115171__6131                  9.739e-07   1.167e-06   2.172e-06   3.121e-08  NOR2X1
g115179                        9.715e-07   1.165e-06   2.168e-06   3.121e-08  NOR2X1
g115323                        1.648e-06   4.788e-07   2.168e-06   4.132e-08  OAI22X1
g114529                         1.54e-06   5.824e-07   2.168e-06   4.467e-08  AOI22X1
g116021                        1.259e-06   8.742e-07   2.166e-06   3.346e-08  AND2X1
g113985__5115                   1.65e-06   4.744e-07    2.16e-06   3.564e-08  NAND2BX1
g113656__4733                  1.353e-06   7.825e-07   2.159e-06   2.342e-08  NAND2X1
g113651__2802                  1.327e-06    8.07e-07   2.159e-06   2.495e-08  NOR2X1
g114356                        1.702e-06   4.185e-07   2.156e-06   3.594e-08  OR2X1
g113588                        1.112e-06   1.021e-06   2.153e-06   2.087e-08  INVX1
g115266                        1.577e-06   5.377e-07   2.153e-06   3.868e-08  AOI21X1
g115592                        1.277e-06   8.373e-07   2.146e-06   3.244e-08  AND2X1
g115052                        1.334e-06   7.757e-07   2.145e-06   3.495e-08  NAND2BX1
g114943                        1.292e-06   8.205e-07   2.143e-06   3.036e-08  NOR2X1
g114201                        8.931e-07   1.227e-06   2.143e-06   2.341e-08  NOR2X1
g115322                        1.512e-06   5.863e-07   2.143e-06   4.426e-08  AOI22X1
g114856                        1.503e-06   5.989e-07   2.142e-06   4.044e-08  AND2X1
g114904                        1.502e-06   5.987e-07   2.142e-06   4.133e-08  AOI21X1
g113845__1705                  1.394e-06   7.185e-07   2.137e-06   2.468e-08  NAND2X1
g114953                        1.292e-06   8.149e-07   2.137e-06   3.036e-08  NOR2X1
g114211                        7.003e-07   1.414e-06   2.135e-06   2.049e-08  INVX1
g115241                         1.21e-06   8.932e-07   2.135e-06    3.11e-08  MXI2XL
g114852                        1.476e-06   6.169e-07   2.134e-06   4.152e-08  AOI21X1
g115232                        1.636e-06     4.6e-07   2.132e-06   3.604e-08  OR2X1
g113706                        1.122e-06   9.865e-07   2.129e-06    2.12e-08  INVX1
g115921                        9.864e-07   1.108e-06   2.129e-06   3.426e-08  NOR2X1
g114305                        1.294e-06   8.031e-07   2.126e-06   2.932e-08  NOR2X1
g115973                        1.249e-06   8.432e-07   2.126e-06   3.346e-08  AND2X1
g115221                        1.398e-06    6.93e-07   2.126e-06   3.495e-08  NAND2BX1
g114685                        1.509e-06   5.853e-07   2.125e-06   3.071e-08  NOR3X1
g114709                        1.262e-06   8.334e-07   2.123e-06   2.843e-08  NOR2X1
g116028                        7.655e-07   1.329e-06    2.12e-06   2.576e-08  NOR2X1
g115678                        1.533e-06   5.493e-07   2.119e-06   3.651e-08  AND2X1
g114918                        1.739e-06   3.345e-07   2.118e-06    4.48e-08  AOI22X1
g114334                        1.305e-06   7.771e-07   2.118e-06   3.539e-08  NOR2X1
g114533                        1.502e-06   5.669e-07   2.115e-06   4.608e-08  AOI22X1
g115706                        1.154e-06   9.309e-07   2.114e-06   2.904e-08  NOR2X1
g114865                         1.36e-06   7.109e-07   2.113e-06   4.203e-08  AOI21X1
g114318                        1.261e-06   8.122e-07    2.11e-06   3.667e-08  NOR2X1
g114146                        1.503e-06   5.722e-07   2.109e-06   3.299e-08  OR2X1
g114925                        1.291e-06   7.818e-07   2.104e-06   3.036e-08  NOR2X1
g115194                        7.133e-07   1.369e-06   2.103e-06   2.069e-08  INVX1
g115314                        1.629e-06     4.3e-07   2.101e-06   4.132e-08  OAI22X1
g114834                        1.526e-06   5.311e-07   2.099e-06   4.123e-08  AOI21X1
g114498                        1.322e-06   7.346e-07   2.097e-06   4.016e-08  AOI21X1
g114521                        1.629e-06   4.156e-07   2.096e-06   5.122e-08  MX2X1
g115300                        1.509e-06   5.425e-07   2.095e-06   4.426e-08  AOI22X1
g114147                        1.371e-06   6.861e-07    2.09e-06   3.225e-08  NAND2X1
g114210                        1.055e-06   1.011e-06   2.087e-06   2.068e-08  INVX1
g115024                         1.34e-06   7.096e-07   2.084e-06   3.495e-08  NAND2BX1
g114319                         1.16e-06   8.886e-07   2.083e-06   3.441e-08  NOR2X1
g115328                        1.495e-06   5.432e-07   2.083e-06   4.426e-08  AOI22X1
g115694                        1.497e-06   5.499e-07   2.081e-06   3.396e-08  AND2X1
g113624                         1.34e-06   7.173e-07   2.078e-06   2.074e-08  INVX1
g114294                        7.074e-07   1.348e-06   2.076e-06   2.028e-08  INVX1
g115316                        1.507e-06   5.244e-07   2.075e-06   4.426e-08  AOI22X1
g114930                         8.61e-07   1.191e-06   2.075e-06   2.324e-08  NAND2X1
g115311                        1.629e-06    4.01e-07   2.072e-06   4.132e-08  OAI22X1
g113662__9315                  1.195e-06   8.483e-07   2.065e-06    2.15e-08  NOR2X1
g114327                        1.466e-06   5.645e-07   2.062e-06    3.08e-08  NOR2X1
g114515                        1.629e-06   3.792e-07    2.06e-06   5.122e-08  MX2X1
g114506                         1.59e-06   4.175e-07   2.059e-06    5.11e-08  MX2X1
g115147                        1.601e-06   4.203e-07   2.058e-06   3.602e-08  AND2X1
g115570                        7.403e-07   1.291e-06   2.056e-06   2.508e-08  NAND2X1
g113898                        1.126e-06   9.092e-07   2.056e-06   2.065e-08  INVX1
g115153__1881                  9.628e-07   1.062e-06   2.056e-06   3.121e-08  NOR2X1
g113856__8246                  1.205e-06   8.263e-07   2.054e-06   2.325e-08  NOR2X1
g114258                        1.138e-06    8.82e-07   2.053e-06   3.324e-08  NAND2X1
g115152                        9.741e-07   1.046e-06   2.051e-06   3.121e-08  NOR2X1
g114314                        1.099e-06   9.247e-07    2.05e-06   2.661e-08  NAND2X1
g114171                        1.254e-06   7.678e-07   2.048e-06   2.608e-08  NOR2X1
g115334                        1.495e-06   5.088e-07   2.048e-06   4.426e-08  AOI22X1
g114684                        1.588e-06   4.264e-07   2.047e-06   3.304e-08  AND2X1
g114468                        6.293e-07   1.393e-06   2.042e-06   2.044e-08  INVX1
g115246                        1.286e-06    7.24e-07   2.042e-06   3.229e-08  NOR2X1
g113897                        8.717e-07   1.149e-06   2.041e-06   2.023e-08  INVX1
g115689                        1.497e-06   5.098e-07   2.041e-06   3.396e-08  AND2X1
g115545                        1.051e-06   9.487e-07    2.03e-06   2.988e-08  NOR2X1
g114867                         1.38e-06   6.076e-07   2.029e-06   4.203e-08  AOI21X1
g114306                        1.506e-06   4.898e-07   2.028e-06    3.24e-08  AND2X1
g115318                        1.511e-06    4.66e-07   2.021e-06   4.426e-08  AOI22X1
g114890                        1.374e-06   6.037e-07    2.02e-06   4.213e-08  AOI21X1
g115146                        1.651e-06   3.316e-07   2.019e-06   3.604e-08  OR2X1
g114941                        1.291e-06   6.966e-07   2.018e-06   3.036e-08  NOR2X1
g115324                        1.554e-06   4.208e-07   2.017e-06   4.287e-08  AOI22X1
g114789                        6.921e-07   1.305e-06   2.017e-06   2.012e-08  NOR2X1
g115013                        1.673e-06   3.051e-07   2.013e-06   3.542e-08  OR2X1
g115160                        8.807e-07   1.102e-06   2.013e-06   2.995e-08  NAND2X1
g115175                        9.766e-07   1.002e-06    2.01e-06   3.121e-08  NOR2X1
g114122                        1.079e-06   9.089e-07   2.009e-06   2.072e-08  INVX1
g114145                        1.335e-06   6.504e-07   2.008e-06   2.273e-08  NOR2X1
g115304                        1.507e-06   4.558e-07   2.007e-06   4.426e-08  AOI22X1
g115335                        1.496e-06   4.666e-07   2.007e-06   4.426e-08  AOI22X1
g115682                        1.533e-06   4.325e-07   2.002e-06   3.651e-08  AND2X1
g115294                        1.509e-06   4.472e-07   2.001e-06   4.426e-08  AOI22X1
g115315                        1.507e-06   4.454e-07   1.997e-06   4.426e-08  AOI22X1
g114357                        1.237e-06   7.217e-07   1.995e-06   3.584e-08  NOR2X1
g114729                        1.204e-06   7.626e-07   1.993e-06   2.639e-08  NAND2X1
g115236                        1.058e-06   9.055e-07   1.991e-06   2.778e-08  NAND2X1
g114049                        9.809e-07   9.888e-07   1.991e-06   2.139e-08  INVX1
g115333                        1.496e-06   4.474e-07   1.987e-06   4.426e-08  AOI22X1
g114831                         1.53e-06   4.144e-07   1.985e-06   4.128e-08  AOI21X1
g113972                        1.057e-06   9.065e-07   1.984e-06   2.063e-08  INVX1
g115325                        1.495e-06   4.435e-07   1.983e-06   4.426e-08  AOI22X1
g113700                        1.206e-06   7.554e-07   1.982e-06   2.036e-08  INVX1
g114838                        1.526e-06    4.12e-07   1.979e-06   4.123e-08  AOI21X1
g115243                        1.501e-06   4.337e-07   1.979e-06   4.426e-08  AOI22X1
g115303                        1.506e-06   4.272e-07   1.978e-06   4.426e-08  AOI22X1
g114541                        1.559e-06   3.788e-07   1.977e-06   3.959e-08  OAI21X1
g115307                        1.505e-06   4.262e-07   1.976e-06   4.426e-08  AOI22X1
g114225__7098                  1.307e-06   6.415e-07   1.976e-06   2.724e-08  NOR3X1
g115341                        1.495e-06   4.317e-07   1.971e-06   4.426e-08  AOI22X1
g114379                        1.316e-06   6.208e-07   1.967e-06   3.036e-08  NOR2X1
g115329                        1.495e-06    4.25e-07   1.964e-06   4.426e-08  AOI22X1
g113744__2398                  1.292e-06   6.474e-07   1.964e-06   2.435e-08  NAND2X1
g116008                        7.688e-07   1.169e-06   1.964e-06   2.606e-08  NAND2X1
g115293                        1.508e-06   4.104e-07   1.963e-06   4.426e-08  AOI22X1
g114524                        1.625e-06   2.861e-07   1.962e-06   5.122e-08  MX2X1
g114931                        1.368e-06   5.397e-07   1.962e-06   5.437e-08  AOI21X2
g115994                        4.541e-07   1.485e-06   1.961e-06   2.148e-08  INVX1
g115713                        9.067e-07   1.026e-06   1.959e-06   2.655e-08  NAND2X1
g115343                        1.496e-06   4.165e-07   1.956e-06   4.426e-08  AOI22X1
g115584                        1.492e-06   4.291e-07   1.956e-06     3.5e-08  NOR2BX1
g115332                        1.496e-06   4.143e-07   1.955e-06   4.426e-08  AOI22X1
g115155__6131                  9.628e-07   9.595e-07   1.954e-06   3.121e-08  NOR2X1
g115354                        1.231e-06   6.937e-07   1.953e-06   2.842e-08  NAND2X1
FE_OFC32_n_5117                8.171e-07   1.113e-06   1.951e-06   2.124e-08  INVX1
g113922__1705                  1.146e-06   7.713e-07   1.949e-06   3.233e-08  NAND2X1
g115176                        9.783e-07   9.363e-07   1.946e-06   3.121e-08  NOR2X1
g114520                        1.608e-06   2.861e-07   1.945e-06   5.122e-08  MX2X1
g114879                        1.379e-06   5.238e-07   1.945e-06   4.203e-08  AOI21X1
g114213                        6.902e-07   1.235e-06   1.945e-06   2.028e-08  INVX1
g114947                        1.542e-06   3.561e-07   1.939e-06   4.116e-08  OAI22X1
g113993__5107                  8.816e-07    1.03e-06   1.933e-06   2.114e-08  NOR2X1
g115562                        1.092e-06   8.088e-07   1.928e-06   2.734e-08  NAND2X1
g114182                        1.088e-06   8.057e-07    1.92e-06   2.667e-08  NOR2X1
g114162                         1.37e-06   5.149e-07   1.918e-06   3.299e-08  OR2X1
g114719                        1.411e-06   4.717e-07   1.917e-06   3.401e-08  OAI21X1
g114720                         1.41e-06   4.722e-07   1.916e-06   3.401e-08  OAI21X1
g113569                        1.034e-06   8.609e-07   1.916e-06    2.02e-08  INVX1
g115923                        9.862e-07    8.95e-07   1.915e-06   3.426e-08  NOR2X1
g115576                        1.491e-06    3.86e-07   1.912e-06     3.5e-08  NOR2BX1
g115166                        9.732e-07   9.071e-07   1.912e-06   3.121e-08  NOR2X1
g114511                        1.494e-06   3.653e-07   1.911e-06   5.193e-08  AOI2BB1X1
g114209                        7.742e-07   1.115e-06    1.91e-06   2.155e-08  INVX1
g115162                        9.743e-07   9.029e-07   1.908e-06   3.121e-08  NOR2X1
g114513                         1.59e-06    2.65e-07   1.906e-06    5.11e-08  MX2X1
g114781                        7.356e-07    1.15e-06   1.906e-06    2.06e-08  NOR2X1
g114651__6161                  1.548e-06   3.259e-07   1.905e-06   3.136e-08  NOR2BX1
FE_OFC45_n_3368                1.003e-06   8.808e-07   1.905e-06   2.125e-08  INVX1
g114796__9315                  7.879e-07    1.09e-06   1.904e-06   2.602e-08  NAND2X1
g113225__8246                   1.43e-06    4.49e-07   1.902e-06   2.286e-08  NAND3BXL
g114516                        1.498e-06    3.52e-07   1.902e-06   5.193e-08  AOI2BB1X1
g113771                        9.568e-07   9.192e-07   1.896e-06   2.011e-08  INVX1
g115378                        1.055e-06   8.028e-07   1.895e-06   3.664e-08  NOR2X1
g116040                        4.397e-07   1.433e-06   1.893e-06   2.082e-08  INVX1
g113000__7098                  1.401e-06   4.686e-07   1.892e-06   2.195e-08  NAND3BXL
g114517                        1.523e-06   3.243e-07   1.891e-06   4.357e-08  AOI22X1
g113976                        9.145e-07   9.544e-07   1.891e-06   2.161e-08  INVX1
g115023                        1.328e-06   5.273e-07    1.89e-06   3.397e-08  NOR2BX1
FE_OFC125_n_284                4.541e-07   1.411e-06   1.887e-06   2.148e-08  INVX1
g115565                        1.066e-06   7.934e-07   1.886e-06   2.645e-08  NOR2X1
g115696                         9.37e-07     9.2e-07   1.884e-06   2.704e-08  NAND2X1
g113768__9315                  1.117e-06   7.452e-07   1.884e-06   2.104e-08  NOR2X1
g115676                        1.246e-06   5.972e-07   1.883e-06   3.983e-08  AOI21X1
g114455                        7.653e-07   1.093e-06   1.878e-06   2.021e-08  NOR2X1
g114950                        1.426e-06   4.071e-07   1.877e-06   4.422e-08  AOI22X1
g113899                         9.46e-07   9.091e-07   1.876e-06   2.085e-08  INVX1
FE_OFC26_n_5050                9.655e-07   8.898e-07   1.876e-06   2.029e-08  INVX1
g113711                        8.529e-07   1.001e-06   1.875e-06   2.079e-08  INVX1
g114127                        1.017e-06   8.362e-07   1.874e-06   2.082e-08  INVX1
g114507                         1.59e-06    2.33e-07   1.874e-06    5.11e-08  MX2X1
g113940__5122                  6.293e-07   1.201e-06   1.866e-06   3.559e-08  NOR2X1
FE_OFC54_n_1374                  6.6e-07   1.184e-06   1.864e-06   2.044e-08  INVX1
g115544                        1.281e-06   5.503e-07   1.863e-06   3.244e-08  AND2X1
g114284                        1.001e-06   8.379e-07    1.86e-06    2.09e-08  INVX1
g114549                        1.146e-06   6.791e-07   1.859e-06   3.424e-08  NAND2X1
g115157                        8.806e-07   9.483e-07   1.859e-06   2.995e-08  NAND2X1
g115244                         6.99e-07    1.12e-06   1.859e-06   3.938e-08  NOR2X1
g113973                        1.015e-06   8.203e-07   1.856e-06   2.066e-08  INVX1
g114160                        1.209e-06    6.21e-07   1.854e-06   2.415e-08  NOR2X1
g114479                        1.146e-06   6.723e-07   1.853e-06   3.424e-08  NAND2X1
g114518                         1.59e-06   2.099e-07   1.851e-06    5.11e-08  MX2X1
g115235                         1.03e-06   7.907e-07   1.848e-06   2.816e-08  NOR2X1
g113233__5477                   1.36e-06   4.586e-07   1.844e-06   2.557e-08  NAND2X1
g115170                        9.761e-07    8.36e-07   1.843e-06   3.121e-08  NOR2X1
g115014                        1.022e-06   7.932e-07   1.843e-06   2.778e-08  NAND2X1
g114345                        9.992e-07   7.977e-07   1.835e-06   3.813e-08  NOR2X1
g114949                        1.426e-06     3.6e-07    1.83e-06   4.422e-08  AOI22X1
g114501                        1.258e-06   5.457e-07   1.829e-06    2.58e-08  NOR3X1
g113915__1617                   1.17e-06   6.342e-07   1.828e-06   2.354e-08  NOR2X1
g114509                         1.59e-06   1.858e-07   1.827e-06    5.11e-08  MX2X1
g113178__2346                  1.075e-06    7.26e-07   1.827e-06   2.628e-08  NOR3X1
g114480                        1.146e-06   6.459e-07   1.826e-06   3.424e-08  NAND2X1
g115113                        1.024e-06   7.722e-07   1.826e-06   2.925e-08  NAND2X1
g115084                        1.353e-06   4.361e-07   1.824e-06   3.495e-08  NAND2BX1
g114181                        1.121e-06   6.766e-07   1.823e-06   2.539e-08  NAND2X1
g115072                        1.353e-06   4.315e-07   1.819e-06   3.495e-08  NAND2BX1
g114481                        1.146e-06   6.368e-07   1.817e-06   3.424e-08  NAND2X1
FE_OFC35_n_4972                9.018e-07   8.904e-07   1.813e-06   2.128e-08  INVX1
g114167                        1.326e-06   4.539e-07   1.813e-06   3.307e-08  OR2X1
g114287                        8.971e-07   8.925e-07   1.811e-06   2.108e-08  INVX1
g113775                        9.178e-07    8.68e-07   1.806e-06   2.032e-08  INVX1
g115972                        7.601e-07    1.02e-06   1.806e-06   2.606e-08  NAND2X1
g114855                        9.142e-07   8.541e-07   1.803e-06   3.506e-08  NAND2X1
g113981                        8.909e-07   8.861e-07   1.798e-06   2.129e-08  INVX1
g114304                        9.999e-07   7.685e-07   1.797e-06   2.879e-08  NOR2X1
g115965                        1.249e-06   5.138e-07   1.796e-06   3.346e-08  AND2X1
g115560                          1.2e-06   5.603e-07   1.795e-06   3.428e-08  OR2X1
g115225                        1.062e-06   7.016e-07   1.794e-06   3.022e-08  NOR2X1
g115961                        1.249e-06   5.103e-07   1.793e-06   3.346e-08  AND2X1
g114159                        1.178e-06   5.829e-07   1.785e-06   2.416e-08  NOR2X1
FE_OFC25_n_4893                9.293e-07   8.351e-07   1.785e-06   2.015e-08  INVX1
g114320                        1.027e-06   7.169e-07   1.782e-06   3.813e-08  NOR2X1
g114713                        1.072e-06   6.725e-07   1.781e-06   3.657e-08  NOR2X1
g115681                        1.062e-06    6.86e-07   1.778e-06   2.988e-08  NOR2X1
g115553                         1.25e-06   4.934e-07   1.776e-06   3.267e-08  AND2X1
g115102                        1.328e-06   4.112e-07   1.774e-06   3.397e-08  NOR2BX1
g115708                        7.275e-07   1.006e-06   1.772e-06   3.907e-08  NOR2X1
g115864                        5.602e-07   1.188e-06   1.772e-06    2.41e-08  NAND2X1
g115541                        1.241e-06   4.965e-07    1.77e-06   3.267e-08  AND2X1
g115063                        1.033e-06   7.075e-07   1.768e-06   2.817e-08  NOR2X1
g115056                        1.323e-06   4.113e-07   1.768e-06   3.397e-08  NOR2BX1
g115116                        1.073e-06   6.653e-07   1.768e-06   3.022e-08  NOR2X1
g115111                        1.353e-06   3.749e-07   1.762e-06   3.495e-08  NAND2BX1
FE_OFC102_n_3257               5.074e-07   1.233e-06   1.762e-06    2.14e-08  INVX1
g114054                        9.062e-07   8.325e-07    1.76e-06   2.125e-08  INVX1
FE_DBTC11_n_260                4.522e-07   1.286e-06    1.76e-06   2.148e-08  INVX1
g115015                        1.339e-06   3.844e-07   1.759e-06   3.495e-08  NAND2BX1
g116009                        1.253e-06   4.703e-07   1.758e-06   3.469e-08  OR2X1
g115211                         1.03e-06   6.959e-07   1.754e-06   2.816e-08  NOR2X1
g115073                        1.338e-06   3.797e-07   1.752e-06   3.495e-08  NAND2BX1
g115031                        1.352e-06   3.646e-07   1.752e-06   3.495e-08  NAND2BX1
g113567                        1.182e-06   5.485e-07   1.752e-06   2.085e-08  INVX1
g115079                        1.032e-06   6.908e-07   1.751e-06   2.816e-08  NOR2X1
g114514                        1.466e-06   2.404e-07   1.748e-06   4.096e-08  OAI22X1
g114163__5477                  1.085e-06    6.37e-07   1.746e-06     2.4e-08  NAND2X1
g115086                        1.357e-06    3.54e-07   1.746e-06   3.495e-08  NAND2BX1
g115099                        1.333e-06   3.774e-07   1.745e-06   3.495e-08  NAND2BX1
g114797                        5.556e-07   1.169e-06   1.745e-06   2.027e-08  NOR2X1
g115107                        1.332e-06   3.775e-07   1.743e-06   3.397e-08  NOR2BX1
g115650                         1.27e-06   4.395e-07   1.742e-06   3.244e-08  AND2X1
g115233                        1.077e-06   6.358e-07   1.741e-06   2.816e-08  NOR2X1
g115223                        1.039e-06   6.724e-07    1.74e-06   2.816e-08  NOR2X1
g115042                         1.02e-06   6.897e-07   1.738e-06   2.816e-08  NOR2X1
g115267                        1.119e-06   5.843e-07   1.738e-06   3.523e-08  NOR2X1
g114687                        8.165e-07   8.965e-07   1.738e-06   2.505e-08  NAND2X1
g115548                         1.25e-06   4.547e-07   1.738e-06   3.267e-08  AND2X1
g115070                        1.353e-06   3.495e-07   1.737e-06   3.495e-08  NAND2BX1
g115035                         1.02e-06   6.886e-07   1.737e-06   2.816e-08  NOR2X1
g115134                        1.212e-06   4.914e-07   1.735e-06   3.168e-08  AND2X1
g114705                        8.524e-07   8.492e-07   1.735e-06   3.347e-08  NOR2X1
g114286                        9.227e-07   7.908e-07   1.734e-06   2.078e-08  INVX1
g115022                        1.333e-06   3.642e-07   1.732e-06   3.495e-08  NAND2BX1
g114731                        1.043e-06    6.61e-07    1.73e-06   2.647e-08  NAND2X1
g114471                        8.182e-07   8.911e-07    1.73e-06   2.044e-08  INVX1
g115552                         1.25e-06   4.463e-07   1.729e-06   3.267e-08  AND2X1
g115006                        1.219e-06   4.802e-07   1.728e-06   2.868e-08  NOR2X1
g113712                        1.124e-06   5.806e-07   1.725e-06   2.077e-08  INVX1
g113853__6260                   1.07e-06   6.359e-07   1.724e-06   1.888e-08  NOR2X1
g115691                        1.052e-06   6.399e-07   1.722e-06   2.988e-08  NOR2X1
g114636                         8.48e-07   8.513e-07    1.72e-06   2.101e-08  INVX1
g115960                        1.249e-06   4.357e-07   1.718e-06   3.346e-08  AND2X1
g115091                        1.333e-06   3.504e-07   1.718e-06   3.495e-08  NAND2BX1
g115642                         1.26e-06   4.243e-07   1.717e-06   3.267e-08  AND2X1
g114999                         1.03e-06   6.588e-07   1.717e-06   2.816e-08  NOR2X1
g115012                        1.043e-06   6.438e-07   1.715e-06   2.816e-08  NOR2X1
g115261                        1.203e-06   4.803e-07   1.714e-06    3.06e-08  AOI21X1
g114997                        1.021e-06   6.641e-07   1.713e-06   2.816e-08  NOR2X1
g115214                        1.052e-06   6.302e-07   1.712e-06   3.022e-08  NOR2X1
g114639                        8.904e-07   7.973e-07   1.709e-06   2.087e-08  INVX1
g114322                        1.146e-06   5.362e-07   1.708e-06   2.499e-08  NOR3X1
g113176__4733                  1.033e-06   6.469e-07   1.708e-06    2.73e-08  NAND3X1
g114149                        1.068e-06   6.142e-07   1.707e-06   2.451e-08  NOR2X1
g114778                        7.931e-07   8.895e-07   1.707e-06   2.435e-08  NOR2X1
g114658                        1.063e-06   6.134e-07   1.707e-06   3.005e-08  NOR2X1
g115089                        1.015e-06   6.615e-07   1.705e-06   2.816e-08  NOR2X1
g116013                        1.249e-06   4.211e-07   1.704e-06   3.346e-08  AND2X1
g115646                        1.013e-06    6.62e-07   1.704e-06     2.9e-08  NAND2X1
g114310                        1.078e-06   5.934e-07   1.698e-06   2.645e-08  NAND2X1
g115664                        1.011e-06   6.569e-07   1.697e-06     2.9e-08  NAND2X1
g114677                        7.929e-07   8.791e-07   1.696e-06   2.435e-08  NOR2X1
g115547                        1.276e-06   3.868e-07   1.695e-06   3.244e-08  AND2X1
g115695                        1.059e-06   6.009e-07    1.69e-06   2.988e-08  NOR2X1
g115062                        1.033e-06    6.24e-07   1.685e-06   2.817e-08  NOR2X1
g115577                        1.284e-06   3.686e-07   1.685e-06   3.244e-08  AND2X1
g115092                        1.043e-06   6.129e-07   1.684e-06   2.816e-08  NOR2X1
g115216                        1.039e-06   6.156e-07   1.683e-06   2.816e-08  NOR2X1
g114135                        9.004e-07   7.622e-07   1.683e-06   2.023e-08  INVX1
g114929                        8.904e-07    7.76e-07   1.683e-06   1.622e-08  AOI211XL
g114723                        1.054e-06   6.038e-07   1.682e-06    2.46e-08  NOR2X1
g114158                        9.859e-07   6.742e-07   1.682e-06   2.182e-08  NOR2X1
g114292                        8.327e-07   8.248e-07   1.679e-06   2.113e-08  INVX1
g114714                        9.722e-07   6.791e-07   1.677e-06   2.568e-08  NAND2X1
g115585                        1.275e-06   3.688e-07   1.676e-06   3.244e-08  AND2X1
g115260                        1.204e-06   4.405e-07   1.675e-06    3.06e-08  AOI21X1
g114164                        1.042e-06   6.068e-07   1.673e-06   2.356e-08  NAND2X1
g115549                        1.242e-06   3.983e-07   1.672e-06   3.267e-08  AND2X1
g114175                         7.92e-07    8.59e-07   1.672e-06   2.142e-08  NOR2X1
g115557                         1.24e-06   3.926e-07   1.665e-06   3.267e-08  AND2X1
g115555                        1.016e-06   6.204e-07   1.665e-06     2.9e-08  NAND2X1
g115652                        1.236e-06   3.945e-07   1.664e-06   3.428e-08  OR2X1
g115893                        9.866e-07   6.493e-07   1.664e-06   2.802e-08  NAND2X1
g114285                        8.978e-07   7.443e-07   1.663e-06   2.108e-08  INVX1
g114307                        8.098e-07   8.292e-07   1.662e-06   2.339e-08  NAND2X1
g115683                        9.036e-07   7.321e-07   1.662e-06   2.645e-08  NOR2X1
g115727                        5.733e-07   1.067e-06   1.661e-06   2.066e-08  INVX1
g114059__7098                  1.189e-06   4.386e-07    1.66e-06   3.277e-08  OR2X1
g115692                        1.062e-06   5.665e-07   1.658e-06   2.988e-08  NOR2X1
g115044                         1.02e-06   6.052e-07   1.654e-06   2.816e-08  NOR2X1
g115231                        1.037e-06   5.876e-07   1.653e-06   2.816e-08  NOR2X1
g115288                         1.03e-06   5.941e-07   1.652e-06   2.816e-08  NOR2X1
g115140                        1.052e-06   5.697e-07   1.652e-06   3.022e-08  NOR2X1
g113772                        8.078e-07   8.237e-07   1.652e-06    2.02e-08  INVX1
g113837__3680                  9.437e-07   6.846e-07   1.651e-06   2.231e-08  NOR2X1
g115215                        1.042e-06   5.782e-07   1.648e-06   2.816e-08  NOR2X1
FE_OFC46_n_3460                8.091e-07   8.178e-07   1.648e-06   2.116e-08  INVX1
g115074                        1.356e-06   2.573e-07   1.648e-06   3.495e-08  NAND2BX1
g115115                        1.044e-06   5.753e-07   1.648e-06   2.816e-08  NOR2X1
g114300                        8.218e-07   8.046e-07   1.647e-06   2.049e-08  INVX1
g114655                        9.098e-07   7.095e-07   1.645e-06   2.521e-08  NOR2X1
g115003                        1.015e-06    6.01e-07   1.644e-06   2.816e-08  NOR2X1
g116037                        4.396e-07   1.182e-06   1.643e-06   2.082e-08  INVX1
g114773                        1.023e-06   5.939e-07   1.643e-06   2.573e-08  NOR2X1
g115048                        1.033e-06   5.815e-07   1.642e-06   2.817e-08  NOR2X1
g114340__5115                   1.19e-06    4.11e-07   1.642e-06   4.068e-08  OAI2BB1X1
g115637                        1.235e-06   3.728e-07    1.64e-06   3.267e-08  AND2X1
g114183                        7.149e-07   9.028e-07    1.64e-06   2.205e-08  NAND2X1
g115546                        1.241e-06   3.653e-07   1.639e-06   3.267e-08  AND2X1
g114469                        8.585e-07   7.602e-07   1.639e-06   2.044e-08  INVX1
g113628                        8.336e-07   7.835e-07   1.639e-06   2.174e-08  INVX1
g114337                        8.751e-07   7.405e-07   1.637e-06   2.178e-08  NOR2X1
g115580                        1.241e-06   3.611e-07   1.637e-06   3.428e-08  OR2X1
g115579                        1.241e-06   3.611e-07   1.637e-06   3.428e-08  OR2X1
g114666                        1.219e-06   3.832e-07   1.636e-06   3.362e-08  NOR2BX1
g113902                        8.768e-07   7.359e-07   1.634e-06   2.137e-08  INVX1
g114906                        1.185e-06   4.072e-07   1.634e-06   4.208e-08  AOI21X1
g115136                        1.076e-06   5.292e-07   1.634e-06   2.816e-08  NOR2X1
g114656                        1.064e-06   5.388e-07   1.633e-06   3.005e-08  NOR2X1
g115558                         9.76e-07   6.267e-07   1.633e-06   2.988e-08  NOR2X1
g115151                        1.072e-06   5.288e-07   1.631e-06   3.022e-08  NOR2X1
g115212                        1.042e-06   5.571e-07   1.628e-06   2.817e-08  NOR2X1
g114290                        8.525e-07   7.539e-07   1.627e-06   2.108e-08  INVX1
g116023                        7.654e-07   8.351e-07   1.626e-06   2.576e-08  NOR2X1
g114780                        8.217e-07   7.833e-07   1.626e-06   2.116e-08  NOR2X1
g113979                          8.2e-07   7.847e-07   1.626e-06   2.115e-08  INVX1
g115213                        1.028e-06    5.69e-07   1.625e-06   2.816e-08  NOR2X1
g115128                        1.021e-06   5.743e-07   1.624e-06   2.816e-08  NOR2X1
g115132                        1.042e-06     5.5e-07   1.621e-06   2.816e-08  NOR2X1
g114336                        8.569e-07   7.405e-07   1.619e-06   2.188e-08  NOR2X1
g114998                        1.034e-06    5.57e-07   1.619e-06   2.816e-08  NOR2X1
g115076                        1.359e-06   2.248e-07   1.619e-06   3.495e-08  NAND2BX1
g115033                         1.02e-06   5.691e-07   1.618e-06   2.816e-08  NOR2X1
g115058                         1.02e-06   5.662e-07   1.615e-06   2.816e-08  NOR2X1
g115575                        1.284e-06   2.987e-07   1.615e-06   3.244e-08  AND2X1
g114996                        1.025e-06   5.614e-07   1.615e-06   2.778e-08  NAND2X1
g115105                         1.04e-06   5.458e-07   1.614e-06   2.816e-08  NOR2X1
g113860__7482                  1.089e-06   4.893e-07   1.612e-06   3.344e-08  NOR2X1
g114289                        8.385e-07   7.513e-07   1.611e-06   2.106e-08  INVX1
FE_OFC107_n_948                3.321e-07   1.255e-06   1.609e-06   2.181e-08  INVX1
g114152                        1.022e-06    5.59e-07   1.605e-06   2.363e-08  NAND2X1
g115237                        1.041e-06   5.316e-07     1.6e-06   2.816e-08  NOR2X1
g115684                        1.052e-06   5.177e-07   1.599e-06   2.988e-08  NOR2X1
g115110                        1.352e-06   2.111e-07   1.598e-06   3.495e-08  NAND2BX1
FE_OFC47_n_3365                8.331e-07   7.435e-07   1.597e-06   2.044e-08  INVX1
g114668                        9.313e-07    6.39e-07   1.596e-06   2.566e-08  NAND2X1
g114808                        8.402e-07   7.317e-07   1.593e-06   2.067e-08  INVX1
g114669                        8.167e-07   7.482e-07    1.59e-06   2.506e-08  NOR2X1
g113793__5122                  7.341e-07   8.239e-07    1.59e-06    3.18e-08  NAND2X1
g115047                        1.033e-06   5.256e-07   1.586e-06   2.816e-08  NOR2X1
g115643                        1.063e-06   4.921e-07   1.585e-06   2.988e-08  NOR2X1
g114932                        1.291e-06   2.406e-07   1.583e-06   5.135e-08  MX2X1
g114156__6417                  9.061e-07   6.527e-07   1.582e-06   2.327e-08  NAND2X1
g115589                        6.959e-07   8.595e-07    1.58e-06   2.439e-08  NOR2X1
g115129                        1.075e-06   4.728e-07   1.578e-06   3.022e-08  NOR2X1
g115358                        1.028e-06   5.176e-07   1.574e-06   2.816e-08  NOR2X1
g114641                        8.061e-07   7.463e-07   1.574e-06   2.114e-08  INVX1
FE_OFC27_n_5254                 7.92e-07   7.607e-07   1.573e-06   2.069e-08  INVX1
g114712                        1.082e-06   4.646e-07   1.572e-06   2.519e-08  NAND2X1
g115016                        6.225e-07   9.224e-07   1.568e-06   2.336e-08  NOR2X1
g115566                        1.063e-06   4.721e-07   1.565e-06   2.988e-08  NOR2X1
g115025                        6.205e-07   9.209e-07   1.565e-06   2.336e-08  NOR2X1
g115567                        1.062e-06   4.721e-07   1.564e-06   2.988e-08  NOR2X1
g113975                        8.132e-07    7.28e-07   1.563e-06   2.163e-08  INVX1
g115067                        1.033e-06   5.018e-07   1.563e-06   2.817e-08  NOR2X1
g115934                        4.551e-07   1.084e-06    1.56e-06   2.148e-08  INVX1
g114689                        1.043e-06   4.897e-07   1.559e-06   2.718e-08  NOR2X1
g115125                        1.124e-06   4.035e-07   1.559e-06   3.168e-08  AND2X1
g114154__7410                  9.545e-07   5.801e-07   1.558e-06   2.376e-08  NAND2X1
g114050                        6.994e-07   8.359e-07   1.557e-06    2.17e-08  INVX1
g115085                        1.127e-06   3.975e-07   1.556e-06   3.168e-08  AND2X1
g115045                        1.033e-06   4.941e-07   1.555e-06   2.816e-08  NOR2X1
g113547__9315                  1.054e-06   4.671e-07   1.552e-06   3.163e-08  OAI21X1
g115066                        1.033e-06   4.858e-07   1.547e-06   2.817e-08  NOR2X1
g115041                        1.032e-06   4.858e-07   1.546e-06   2.816e-08  NOR2X1
g114221__9945                  1.206e-06    3.01e-07   1.545e-06   3.798e-08  OAI22X1
g115039                        1.032e-06   4.839e-07   1.545e-06   2.816e-08  NOR2X1
g115656                        1.052e-06   4.609e-07   1.543e-06   2.988e-08  NOR2X1
g115537                        1.016e-06   4.938e-07   1.539e-06     2.9e-08  NAND2X1
g113905                         8.17e-07   6.986e-07   1.537e-06   2.167e-08  INVX1
g115229                         1.04e-06   4.681e-07   1.537e-06   2.816e-08  NOR2X1
g115046                         1.02e-06   4.858e-07   1.534e-06   2.816e-08  NOR2X1
g115533                        1.013e-06   4.919e-07   1.534e-06     2.9e-08  NAND2X1
g114132                        7.808e-07   7.286e-07   1.531e-06   2.149e-08  INVX1
g115145                        1.072e-06   4.281e-07    1.53e-06   3.022e-08  NOR2X1
g115118                        8.834e-07   6.136e-07   1.529e-06   3.191e-08  NOR2BX1
g115141                        1.015e-06   4.854e-07   1.529e-06   2.816e-08  NOR2X1
FE_OFC56_n_1031                7.289e-07   7.773e-07   1.527e-06   2.096e-08  INVX1
g115240                        1.042e-06   4.534e-07   1.523e-06   2.816e-08  NOR2X1
g115828                        1.018e-06   4.757e-07   1.522e-06   2.851e-08  NOR2X1
g115690                        9.521e-07   5.426e-07   1.522e-06   2.704e-08  NAND2X1
g115218                        1.042e-06    4.49e-07   1.519e-06   2.817e-08  NOR2X1
g115004                        1.042e-06   4.465e-07   1.517e-06   2.816e-08  NOR2X1
g115220                         1.04e-06   4.463e-07   1.515e-06   2.816e-08  NOR2X1
g115660                        1.012e-06   4.736e-07   1.514e-06     2.9e-08  NAND2X1
g115282                        8.618e-07   6.216e-07   1.514e-06   3.034e-08  NOR2X1
g115057                        1.108e-06    3.74e-07   1.514e-06   3.168e-08  AND2X1
FE_OFC57_n_394                 6.716e-08   1.349e-06   1.513e-06   9.684e-08  CLKINVX4
g115130                        1.062e-06   4.205e-07   1.513e-06   3.022e-08  NOR2X1
g113992__1881                  9.748e-07   5.136e-07   1.511e-06   2.234e-08  NOR2X1
g115224                        1.034e-06   4.462e-07   1.508e-06   2.816e-08  NOR2X1
g115017                        1.127e-06    3.49e-07   1.508e-06   3.168e-08  AND2X1
g115189                        7.113e-07   7.734e-07   1.505e-06   2.075e-08  INVX1
g114048                        7.236e-07   7.595e-07   1.503e-06   1.995e-08  INVX1
g115127                        1.028e-06   4.465e-07   1.503e-06   2.816e-08  NOR2X1
g115677                        9.718e-07   5.023e-07   1.501e-06   2.714e-08  NOR2X1
g114283                        8.031e-07   6.758e-07   1.499e-06   2.059e-08  INVX1
g115702                        1.116e-06   3.395e-07   1.491e-06   3.516e-08  OR3X1
g115040                         1.02e-06   4.386e-07   1.487e-06   2.816e-08  NOR2X1
g114786                        7.345e-07   7.314e-07   1.486e-06    2.06e-08  NOR2X1
g114472                        6.633e-07    8.02e-07   1.486e-06   2.044e-08  INVX1
g114897                        8.911e-07    5.58e-07   1.485e-06   3.581e-08  NAND2X1
g114844                        1.182e-06   2.675e-07   1.483e-06   3.363e-08  OAI21X1
FE_OFC44_n_3440                7.026e-07   7.579e-07   1.482e-06   2.126e-08  INVX1
g115138                        1.211e-06    2.36e-07   1.479e-06   3.168e-08  AND2X1
g115891                        8.829e-07   5.733e-07   1.479e-06   2.276e-08  NOR2X1
g114288                         8.01e-07   6.554e-07   1.477e-06   2.057e-08  INVX1
g115060                        1.039e-06   4.097e-07   1.476e-06   2.816e-08  NOR2X1
FE_OFC61_n_765                 7.007e-07   7.546e-07   1.476e-06   2.105e-08  INVX1
g114848                        9.129e-07   5.271e-07   1.475e-06   3.506e-08  NAND2X1
g114256__1617                  5.803e-07   8.571e-07   1.475e-06   3.719e-08  NAND2X1
FE_OFC49_n_1540                4.917e-07   9.574e-07   1.469e-06    2.04e-08  INVX1
g114654                        9.098e-07   5.326e-07   1.468e-06   2.521e-08  NOR2X1
g115821                        1.017e-06   4.224e-07   1.468e-06   2.851e-08  NOR2X1
g115082                        1.129e-06   3.008e-07   1.461e-06   3.168e-08  AND2X1
g114177                        9.084e-07    5.28e-07    1.46e-06   2.381e-08  NAND2X1
g114805                        7.475e-07   6.896e-07   1.458e-06   2.106e-08  INVX1
g113627                        7.111e-07   7.238e-07   1.457e-06   2.184e-08  INVX1
g114371__8246                  1.057e-06   3.694e-07   1.455e-06   2.923e-08  AOI21X1
g115007                        9.691e-07   4.539e-07   1.451e-06    2.82e-08  AOI21X1
g115124                        6.185e-07   8.066e-07   1.448e-06   2.336e-08  NOR2X1
FE_OFC23_n_5046                8.494e-07   5.751e-07   1.446e-06   2.107e-08  INVX1
g114792                        6.481e-07   7.752e-07   1.443e-06   1.998e-08  NOR2X1
g114170                            9e-07   5.198e-07   1.443e-06   2.342e-08  NAND2X1
g115109                         6.26e-07   7.905e-07    1.44e-06   2.336e-08  NOR2X1
g114730                        1.068e-06   3.462e-07   1.439e-06   2.468e-08  NAND2X1
g114695                        8.326e-07   5.702e-07   1.438e-06   3.506e-08  NAND2X1
g115829                        9.703e-07    4.36e-07   1.438e-06   3.142e-08  AND2X1
FE_OFC108_n_357                 3.43e-07   1.074e-06   1.437e-06   1.984e-08  INVX1
g113983                        7.756e-07   6.382e-07   1.435e-06   2.169e-08  INVX1
FE_OFC37_n_4900                  5.1e-07   9.092e-07    1.43e-06   1.056e-08  INVXL
g115122                        6.185e-07   7.836e-07   1.426e-06   2.336e-08  NOR2X1
FE_OFC28_n_5015                5.453e-07   8.594e-07   1.425e-06   2.023e-08  INVX1
g115069                        1.095e-06   2.978e-07   1.425e-06   3.168e-08  AND2X1
g114335                        8.536e-07   5.481e-07   1.424e-06   2.188e-08  NOR2X1
g114722                        1.034e-06   3.464e-07   1.421e-06   4.082e-08  AO22X1
g115824                         9.66e-07   4.219e-07   1.419e-06   3.142e-08  AND2X1
g114504                        8.253e-07   5.552e-07   1.419e-06   3.858e-08  OAI21X1
g114323                        8.671e-07   5.292e-07   1.418e-06   2.178e-08  NOR2X1
g115010                        6.083e-07   7.827e-07   1.415e-06   2.389e-08  NOR2X1
g115068                        1.078e-06   3.006e-07   1.413e-06   3.397e-08  OR2X1
g116100                        4.396e-07   9.487e-07   1.409e-06   2.082e-08  INVX1
g113774                        6.724e-07   7.134e-07   1.406e-06   2.023e-08  INVX1
g115077                        1.069e-06   3.017e-07   1.405e-06   3.397e-08  OR2X1
g116016                        7.654e-07   6.124e-07   1.404e-06   2.576e-08  NOR2X1
g115036                        1.037e-06   3.324e-07   1.402e-06   3.207e-08  AND2X1
g114053                        7.358e-07   6.399e-07   1.396e-06    2.01e-08  INVX1
g113974                         6.97e-07   6.757e-07   1.394e-06   2.166e-08  INVX1
g114854                        9.147e-07    4.43e-07   1.393e-06   3.506e-08  NAND2X1
g114079                        7.519e-07   6.099e-07   1.387e-06   2.539e-08  NAND3X1
g114309                        1.078e-06   2.821e-07   1.387e-06   2.645e-08  NAND2X1
g114969                        7.379e-07    6.25e-07   1.384e-06   2.069e-08  INVX1
g114791                        7.559e-07   6.017e-07   1.378e-06   2.012e-08  NOR2X1
g115703                        1.118e-06    2.24e-07   1.377e-06   3.516e-08  OR3X1
g114807                         8.78e-07   4.775e-07   1.377e-06   2.111e-08  INVX1
g114148                        8.402e-07   5.146e-07   1.375e-06   2.021e-08  NOR2X1
g115581                         7.32e-07   6.145e-07   1.371e-06   2.439e-08  NOR2X1
g115586                        7.304e-07   6.078e-07   1.363e-06   2.439e-08  NOR2X1
g113716                        6.584e-07   6.777e-07   1.358e-06   2.185e-08  INVX1
g115631                        4.252e-07   9.089e-07   1.354e-06   2.013e-08  INVX1
g113001__6131                  8.971e-07   4.361e-07   1.353e-06    1.96e-08  NOR3X1
g114051                        6.978e-07   6.328e-07   1.352e-06   2.161e-08  INVX1
g114697                        7.914e-07    5.35e-07   1.351e-06   2.435e-08  NOR2X1
g116017                        7.654e-07   5.589e-07    1.35e-06   2.576e-08  NOR2X1
g115583                        7.291e-07    5.96e-07   1.349e-06   2.439e-08  NOR2X1
g115000                        9.002e-07   4.212e-07   1.347e-06   2.525e-08  NOR2X1
g116011                        7.654e-07    5.54e-07   1.345e-06   2.576e-08  NOR2X1
g115192                        7.172e-07   6.054e-07   1.344e-06   2.127e-08  INVX1
g115933                        4.545e-07   8.607e-07   1.337e-06   2.148e-08  INVX1
g115188                        7.194e-07   5.902e-07    1.33e-06    2.09e-08  INVX1
g114494                        1.041e-06   2.521e-07    1.33e-06   3.767e-08  OA21X1
g115061                        1.089e-06   2.079e-07   1.329e-06   3.207e-08  AND2X1
g115187                        6.738e-07   6.329e-07   1.327e-06   2.027e-08  INVX1
g114642                        7.997e-07   5.029e-07   1.324e-06   2.112e-08  INVX1
g115149                        8.869e-07   4.034e-07   1.322e-06   3.191e-08  NOR2BX1
g115964                        7.654e-07   5.265e-07   1.318e-06   2.576e-08  NOR2X1
g115402                        4.881e-07   8.079e-07   1.318e-06   2.156e-08  INVX1
g113988                        8.345e-07   4.608e-07   1.317e-06   2.123e-08  NOR2X1
g114178                        6.577e-07   6.364e-07   1.316e-06   2.145e-08  NOR2X1
g114207                        7.086e-07   5.846e-07   1.314e-06   2.031e-08  INVX1
g114124                         7.08e-07   5.811e-07    1.31e-06   2.092e-08  INVX1
g114670                        7.805e-07    5.02e-07   1.307e-06   2.435e-08  NOR2X1
g114067__6161                  8.422e-07   4.412e-07   1.306e-06   2.306e-08  NAND2X1
g115190                        7.066e-07   5.769e-07   1.304e-06   2.075e-08  INVX1
g116041                        4.396e-07   8.376e-07   1.298e-06   2.082e-08  INVX1
g114649                        9.658e-07   2.981e-07   1.296e-06   3.189e-08  AND2X1
g115680                        7.884e-07   4.793e-07   1.293e-06   2.508e-08  NOR2X1
g115556                        7.314e-07   5.347e-07    1.29e-06   2.439e-08  NOR2X1
g116006                          7.6e-07   5.027e-07   1.289e-06   2.606e-08  NAND2X1
g115827                        9.679e-07   2.865e-07   1.286e-06   3.142e-08  AND2X1
g115825                         9.66e-07   2.831e-07    1.28e-06   3.142e-08  AND2X1
g115554                        7.233e-07   5.266e-07   1.274e-06   2.439e-08  NOR2X1
g114686                        8.003e-07   4.484e-07   1.273e-06   2.435e-08  NOR2X1
g115578                        7.255e-07   5.195e-07   1.269e-06   2.439e-08  NOR2X1
g115823                        9.807e-07   2.601e-07   1.269e-06   2.802e-08  NAND2X1
g114673                        7.798e-07   4.634e-07   1.268e-06   2.435e-08  NOR2X1
g115830                        5.286e-07   7.144e-07   1.266e-06   2.302e-08  NOR2X1
g114691                        8.088e-07   4.319e-07   1.266e-06   2.487e-08  NAND2X1
g115970                        7.691e-07   4.708e-07   1.266e-06   2.576e-08  NOR2X1
g115059                          6.1e-07   6.284e-07   1.262e-06   2.336e-08  NOR2X1
g115641                        9.614e-07   2.655e-07   1.261e-06   3.373e-08  NAND2BX1
g115050                        5.452e-07    6.83e-07   1.258e-06   3.015e-08  AND2X1
g115087                        6.241e-07   6.067e-07   1.254e-06   2.336e-08  NOR2X1
g116012                        7.654e-07   4.619e-07   1.253e-06   2.576e-08  NOR2X1
g115239__4319                  9.627e-07   2.503e-07   1.244e-06   3.121e-08  NOR2X1
g115534                        9.444e-07   2.669e-07   1.244e-06   3.226e-08  NOR2BX1
g114308                        8.149e-07    4.04e-07   1.242e-06   2.318e-08  NAND2X1
g115647                        7.231e-07   4.943e-07   1.242e-06   2.439e-08  NOR2X1
g115710                        7.026e-07   5.032e-07   1.241e-06    3.52e-08  NAND2X1
g115687                        9.733e-07   2.296e-07   1.237e-06   3.373e-08  NAND2BX1
g115234                        6.826e-07   5.275e-07   1.234e-06   2.434e-08  NAND2X1
g116014                        7.654e-07    4.42e-07   1.233e-06   2.576e-08  NOR2X1
g115582                         7.32e-07   4.743e-07   1.231e-06   2.439e-08  NOR2X1
g116007                        7.691e-07   4.349e-07    1.23e-06   2.576e-08  NOR2X1
FE_OFC65_n_731                 3.085e-07   8.974e-07   1.228e-06   2.189e-08  INVX1
g112990                        7.409e-07   4.642e-07   1.227e-06    2.18e-08  INVX1
g115969                        7.687e-07   4.226e-07   1.217e-06   2.576e-08  NOR2X1
g115540                        7.233e-07   4.684e-07   1.216e-06   2.439e-08  NOR2X1
g115968                        7.654e-07   4.218e-07   1.213e-06   2.576e-08  NOR2X1
FE_OFC126_n_243                4.553e-07   7.357e-07   1.211e-06   2.017e-08  INVX1
g115536                        7.442e-07   4.374e-07   1.207e-06   2.508e-08  NAND2X1
g114333                        6.457e-07   5.315e-07   1.202e-06   2.522e-08  NOR2X1
g113675__2346                  7.623e-07   4.179e-07   1.202e-06   2.142e-08  NAND2X1
g115653                        9.556e-07   2.117e-07   1.201e-06   3.373e-08  NAND2BX1
g115249                        6.309e-07   5.453e-07   1.199e-06   2.318e-08  NAND2X1
FE_OFC52_n_1260                2.872e-07   9.014e-07   1.199e-06   1.053e-08  INVXL
g115900                         9.17e-07   2.464e-07   1.199e-06   3.557e-08  OR4X1
g115219                        9.505e-07   2.081e-07   1.192e-06   3.361e-08  NAND2BX1
g114328                        7.461e-07   4.195e-07   1.187e-06    2.19e-08  NOR2X1
g115905                        8.975e-07   2.536e-07   1.187e-06   3.557e-08  OR4X1
g116010                        7.681e-07     3.9e-07   1.184e-06   2.606e-08  NAND2X1
g115222                        6.831e-07    4.65e-07   1.172e-06   2.434e-08  NAND2X1
g116002                        7.654e-07   3.796e-07   1.171e-06   2.576e-08  NOR2X1
g116019                        7.654e-07   3.774e-07   1.169e-06   2.576e-08  NOR2X1
g116020                        7.654e-07   3.769e-07   1.168e-06   2.576e-08  NOR2X1
g115869                        5.721e-07   5.748e-07   1.168e-06   2.099e-08  INVX1
g115195                        7.006e-07   4.436e-07   1.165e-06   2.096e-08  INVX1
g115967                          7.6e-07   3.756e-07   1.162e-06   2.606e-08  NAND2X1
FE_OFC48_n_1751                6.623e-07   4.777e-07    1.16e-06   2.044e-08  INVX1
g115104                        6.266e-07   5.082e-07   1.158e-06   2.336e-08  NOR2X1
g115569                        7.254e-07   4.022e-07   1.152e-06   2.439e-08  NOR2X1
g115029                        6.155e-07   5.122e-07   1.151e-06   2.336e-08  NOR2X1
g115911                        8.975e-07   2.163e-07   1.149e-06   3.557e-08  OR4X1
g116003                        7.654e-07   3.566e-07   1.148e-06   2.576e-08  NOR2X1
g115908                        8.975e-07   2.126e-07   1.146e-06   3.557e-08  OR4X1
g115901                        9.169e-07   1.929e-07   1.145e-06   3.557e-08  OR4X1
g115669                        7.426e-07    3.62e-07   1.144e-06   3.907e-08  NOR2X1
g116018                          7.6e-07   3.562e-07   1.142e-06   2.606e-08  NAND2X1
g115571                        7.438e-07   3.733e-07   1.142e-06   2.508e-08  NAND2X1
g115625                        5.503e-08   1.069e-06   1.138e-06   1.455e-08  NOR2X1
g114806                        6.304e-07   4.857e-07   1.137e-06   2.133e-08  INVX1
g115624                        5.502e-08   1.067e-06   1.137e-06   1.455e-08  NOR2X1
g115962                        7.654e-07     3.4e-07   1.131e-06   2.576e-08  NOR2X1
g116004                        7.647e-07   3.399e-07   1.131e-06   2.606e-08  NAND2X1
g115963                        7.654e-07   3.386e-07    1.13e-06   2.576e-08  NOR2X1
g115966                        7.654e-07   3.386e-07    1.13e-06   2.576e-08  NOR2X1
g116005                        7.654e-07   3.386e-07    1.13e-06   2.576e-08  NOR2X1
g115870                        5.757e-07   5.316e-07   1.128e-06   2.066e-08  INVX1
g114635                        6.296e-07   4.748e-07   1.126e-06   2.141e-08  INVX1
g115538                        7.231e-07   3.773e-07   1.125e-06   2.439e-08  NOR2X1
g115143                        6.923e-07   3.902e-07   1.119e-06   3.672e-08  NAND2X1
g115150                        8.926e-07   1.922e-07   1.118e-06   3.348e-08  NAND2BX1
g115574                        7.135e-07   3.803e-07   1.118e-06   2.439e-08  NOR2X1
g114129                        5.782e-07   5.178e-07   1.118e-06   2.169e-08  INVX1
g115910                        8.974e-07   1.846e-07   1.118e-06   3.557e-08  OR4X1
g113928__6161                  6.549e-07   4.322e-07   1.117e-06   3.031e-08  AND2X1
g114716                        8.678e-07   2.211e-07   1.117e-06    2.79e-08  AOI21X1
g115559                        7.233e-07   3.686e-07   1.116e-06   2.439e-08  NOR2X1
g115572                        7.308e-07    3.59e-07   1.114e-06   2.439e-08  NOR2X1
g115636                        7.231e-07   3.644e-07   1.112e-06   2.439e-08  NOR2X1
FE_OFC50_n_1623                 5.92e-07   4.981e-07   1.111e-06   2.091e-08  INVX1
g115644                        6.958e-07   3.858e-07   1.106e-06   2.439e-08  NOR2X1
g115097                         6.37e-07   4.419e-07   1.103e-06   2.434e-08  NAND2X1
g114927                        6.906e-07   3.678e-07   1.101e-06   4.245e-08  AOI22X1
g114638                         5.77e-07   5.026e-07     1.1e-06   2.027e-08  INVX1
g116015                        7.735e-07   2.974e-07   1.097e-06   2.576e-08  NOR2X1
g115937                        4.619e-07    6.01e-07   1.084e-06   2.148e-08  INVX1
g114311                         6.52e-07   4.061e-07   1.082e-06   2.402e-08  NAND2X1
g115055                        6.395e-07   4.164e-07    1.08e-06   2.434e-08  NAND2X1
g114476                         6.94e-07   3.628e-07   1.078e-06   2.116e-08  INVX1
g115026                        6.231e-07   4.305e-07   1.077e-06   2.336e-08  NOR2X1
g115193                        6.785e-07   3.744e-07   1.073e-06   2.027e-08  INVX1
g115639                        6.958e-07   3.529e-07   1.073e-06   2.439e-08  NOR2X1
g115255                        5.029e-07   5.404e-07    1.07e-06   2.639e-08  NAND2X1
g115112                        6.253e-07   4.191e-07   1.068e-06   2.336e-08  NOR2X1
g115011                         5.74e-07   4.702e-07   1.067e-06   2.285e-08  NOR2X1
g115030                         6.24e-07   4.126e-07    1.06e-06   2.336e-08  NOR2X1
g115027                        6.224e-07   4.115e-07   1.058e-06   2.434e-08  NAND2X1
g115121                        6.389e-07   3.949e-07   1.058e-06   2.434e-08  NAND2X1
g115651                        7.231e-07   3.086e-07   1.056e-06   2.439e-08  NOR2X1
g114459                        5.275e-07   4.996e-07   1.047e-06   2.044e-08  INVX1
g115002                        7.335e-07   2.875e-07   1.047e-06   2.625e-08  NAND2X1
g115627                        5.494e-07   4.742e-07   1.045e-06    2.14e-08  INVX1
g115227                        6.805e-07    3.37e-07   1.042e-06   2.434e-08  NAND2X1
g115186                        5.652e-07   4.548e-07    1.04e-06   2.021e-08  INVX1
g114465                         5.55e-07   4.586e-07   1.034e-06   2.044e-08  INVX1
g115088                        6.199e-07     3.9e-07   1.033e-06   2.336e-08  NOR2X1
g115648                        7.343e-07   2.721e-07   1.031e-06   2.508e-08  NAND2X1
g115095                        6.189e-07    3.85e-07   1.027e-06   2.336e-08  NOR2X1
g115665                         5.91e-07   3.876e-07    1.01e-06   3.109e-08  AND2X1
g115081                        6.237e-07   3.623e-07   1.009e-06   2.336e-08  NOR2X1
g114510                        6.265e-07   3.388e-07   1.008e-06   4.279e-08  AOI21X1
g115666                        6.038e-07   3.663e-07   1.004e-06   3.345e-08  OR2X1
g115108                        6.372e-07   3.397e-07   1.001e-06   2.434e-08  NAND2X1
g115119                        6.185e-07   3.559e-07   9.977e-07   2.336e-08  NOR2X1
g115628                        5.449e-07   4.281e-07   9.944e-07    2.14e-08  INVX1
g115123                        6.388e-07   3.295e-07   9.926e-07   2.434e-08  NAND2X1
g115096                        6.291e-07   3.368e-07   9.903e-07   2.434e-08  NAND2X1
FE_OFC31_n_5028                5.673e-07   4.018e-07   9.893e-07   2.029e-08  INVX1
g115053                         6.44e-07   3.076e-07    9.76e-07   2.434e-08  NAND2X1
g115028                        6.388e-07    3.12e-07   9.751e-07   2.434e-08  NAND2X1
g115649                        7.231e-07   2.238e-07   9.712e-07   2.439e-08  NOR2X1
g115093                        6.157e-07   3.304e-07   9.694e-07   2.336e-08  NOR2X1
g113749__7482                  6.138e-07    3.33e-07   9.683e-07    2.15e-08  NAND2X1
g115078                        6.087e-07   3.362e-07   9.683e-07   2.336e-08  NOR2X1
g115009                         5.73e-07   3.703e-07   9.661e-07   2.285e-08  NOR2X1
FE_OFC104_n_947                1.868e-07   7.675e-07   9.648e-07   1.047e-08  INVXL
g115080                        6.413e-07   2.978e-07   9.634e-07   2.434e-08  NAND2X1
g115826                          3.9e-07   5.514e-07   9.634e-07   2.195e-08  NAND2X1
g115071                        6.413e-07   2.973e-07   9.629e-07   2.434e-08  NAND2X1
g115305                        4.903e-07   4.297e-07   9.616e-07   4.162e-08  NOR2X1
g115054                        6.371e-07   2.973e-07   9.588e-07   2.434e-08  NAND2X1
g115100                        6.365e-07   2.973e-07   9.581e-07   2.434e-08  NAND2X1
g113945                        6.945e-07   2.289e-07   9.539e-07   3.051e-08  AND2X1
g115083                        6.388e-07   2.901e-07   9.532e-07   2.434e-08  NAND2X1
g114645                        4.243e-07   5.053e-07   9.515e-07   2.185e-08  INVX1
g115626                        6.032e-07   3.256e-07    9.49e-07   2.025e-08  INVX1
g115075                        6.233e-07   2.976e-07   9.443e-07   2.336e-08  NOR2X1
g115539                        7.233e-07    1.96e-07   9.437e-07   2.439e-08  NOR2X1
g115551                        7.233e-07   1.956e-07   9.433e-07   2.439e-08  NOR2X1
FE_OFC113_n_337                5.625e-07   3.553e-07   9.385e-07   2.066e-08  INVX1
g116038                        4.395e-07   4.776e-07   9.379e-07   2.082e-08  INVX1
g115935                         4.57e-07   4.555e-07    9.34e-07   2.148e-08  INVX1
g114968                        4.742e-07   4.333e-07   9.284e-07   2.083e-08  INVX1
g115094                        6.376e-07   2.664e-07   9.283e-07   2.434e-08  NAND2X1
g115005                        5.739e-07   3.272e-07    9.24e-07   2.285e-08  NOR2X1
g114700                        6.292e-07   2.541e-07   9.136e-07   3.028e-08  AND2X1
g116090                        4.395e-07   4.472e-07   9.075e-07   2.082e-08  INVX1
g115991                        4.575e-07   4.285e-07   9.075e-07   2.148e-08  INVX1
g115927                        4.574e-07   4.214e-07    8.99e-07   2.017e-08  INVX1
g112996__2802                  7.576e-07   1.151e-07   8.987e-07   2.592e-08  NOR2BX1
g114291                        4.636e-07   4.119e-07   8.973e-07   2.185e-08  INVX1
g115990                        4.621e-07   4.131e-07   8.967e-07   2.148e-08  INVX1
g114637                        4.613e-07   4.111e-07   8.941e-07   2.179e-08  INVX1
g115401                        4.509e-07   4.183e-07   8.908e-07   2.164e-08  INVX1
g114667                        5.308e-07   3.369e-07   8.907e-07   2.301e-08  NOR2X1
g115098                        6.375e-07   2.267e-07   8.886e-07   2.434e-08  NAND2X1
g115051                        6.368e-07    2.27e-07   8.882e-07   2.434e-08  NAND2X1
FE_OFC79_n_615                 4.009e-08   8.023e-07   8.879e-07   4.555e-08  INVX2
g115542                        6.129e-07   2.395e-07   8.859e-07   3.345e-08  OR2X1
g115944                        4.611e-07   4.004e-07   8.824e-07   2.082e-08  INVX1
g115890                        5.429e-07   3.156e-07   8.816e-07   2.302e-08  NOR2X1
g115191                        5.426e-07   3.161e-07   8.791e-07   2.038e-08  INVX1
g115120                        6.387e-07   2.142e-07   8.772e-07   2.434e-08  NAND2X1
g115101                        6.371e-07   2.157e-07   8.772e-07   2.434e-08  NAND2X1
g114688                        6.292e-07   2.175e-07    8.77e-07   3.028e-08  AND2X1
g115001                        5.396e-07    3.13e-07   8.743e-07    2.18e-08  NOR2X1
g115018                        6.311e-07   2.185e-07    8.74e-07   2.434e-08  NAND2X1
g114696                        3.311e-07   5.207e-07   8.733e-07   2.148e-08  NOR2X1
g114063                        5.328e-07   3.155e-07   8.696e-07    2.13e-08  NAND2X1
g114659                        5.353e-07   2.956e-07    8.55e-07   2.409e-08  NAND2X1
g115928                         4.64e-07   3.605e-07    8.46e-07   2.148e-08  INVX1
g116089                        4.395e-07    3.82e-07   8.424e-07   2.082e-08  INVX1
g114643                        4.211e-07   3.996e-07   8.407e-07   2.002e-08  INVX1
g114660                        5.308e-07   2.839e-07   8.377e-07   2.301e-08  NOR2X1
g113843__5115                  5.977e-07   2.087e-07   8.367e-07   3.043e-08  AND2X1
g115888                        5.531e-07   2.548e-07    8.32e-07    2.41e-08  NAND2X1
g115887                        5.525e-07   2.548e-07   8.314e-07    2.41e-08  NAND2X1
g116034                        4.395e-07   3.655e-07   8.259e-07   2.082e-08  INVX1
g115886                        5.522e-07   2.492e-07   8.255e-07    2.41e-08  NAND2X1
g112994                        5.125e-07   2.817e-07    8.14e-07   1.985e-08  INVX1
g114640                        4.234e-07   3.639e-07   8.092e-07   2.184e-08  INVX1
g115106                        5.227e-07   2.414e-07   7.974e-07   3.335e-08  OR2X1
g116093                        4.395e-07   3.349e-07   7.953e-07   2.082e-08  INVX1
g116033                        4.395e-07   3.337e-07   7.941e-07   2.082e-08  INVX1
g115904                        5.184e-07   2.466e-07   7.906e-07   2.559e-08  NAND3X1
g115550                        3.577e-07   4.092e-07     7.9e-07   2.312e-08  NAND2X1
g115912                        3.923e-07   3.677e-07   7.819e-07   2.195e-08  NAND2X1
g114694__7482                  3.448e-07   4.133e-07   7.811e-07     2.3e-08  NAND2X1
g112992__6783                  4.685e-07   2.849e-07   7.749e-07   2.155e-08  NOR2X1
g113909                        4.738e-07   2.767e-07   7.713e-07   2.084e-08  INVX1
g116094                        4.395e-07   3.097e-07     7.7e-07   2.082e-08  INVX1
g115897                        5.183e-07   2.003e-07   7.442e-07   2.559e-08  NAND3X1
g115940                        4.551e-07   2.633e-07   7.387e-07   2.017e-08  INVX1
g113526__6131                  4.662e-07    2.55e-07   7.373e-07   1.607e-08  NOR2X1
g114701                        3.448e-07   3.657e-07   7.335e-07     2.3e-08  NAND2X1
g114078                        3.353e-07   3.692e-07    7.21e-07   1.657e-08  NOR2X1
g116095                        4.395e-07   2.602e-07   7.205e-07   2.082e-08  INVX1
g116036                        4.395e-07   2.585e-07   7.188e-07   2.082e-08  INVX1
g113750__2883                  4.007e-07   2.928e-07   7.144e-07   2.084e-08  NAND2X1
g116035                        4.395e-07   2.503e-07   7.106e-07   2.082e-08  INVX1
g116096                        4.395e-07   2.469e-07   7.072e-07   2.082e-08  INVX1
g115906                         3.92e-07   2.853e-07   6.992e-07   2.195e-08  NAND2X1
g115679                        3.463e-07   3.193e-07   6.873e-07   2.165e-08  NOR2X1
g114690                        3.308e-07    3.33e-07   6.852e-07   2.148e-08  NOR2X1
g115587                        3.446e-07   2.834e-07   6.497e-07   2.165e-08  NOR2X1
g115640                        3.607e-07   2.519e-07   6.357e-07   2.312e-08  NAND2X1
g115661                        3.439e-07   2.646e-07   6.301e-07   2.165e-08  NOR2X1
g115907                         3.92e-07   2.159e-07   6.298e-07   2.195e-08  NAND2X1
g114130                        4.047e-07   2.021e-07   6.265e-07   1.972e-08  INVX1
g114126                        3.291e-07   2.754e-07   6.264e-07    2.19e-08  INVX1
g115114                        3.285e-07   2.698e-07   6.198e-07   2.148e-08  NOR2X1
g115659                        3.428e-07   2.522e-07   6.181e-07   2.312e-08  NAND2X1
g115535                        3.342e-07   2.611e-07   6.169e-07   2.165e-08  NOR2X1
g115399                         7.57e-08    4.75e-07   6.025e-07   5.179e-08  AND2X2
g115909                        3.921e-07   1.884e-07   6.025e-07   2.195e-08  NAND2X1
g114678                        5.569e-07    9.39e-09    5.99e-07   3.276e-08  NAND2BX1
g114681                        5.562e-07   9.265e-09   5.982e-07   3.276e-08  NAND2BX1
g114680                        5.514e-07   9.382e-09   5.935e-07   3.276e-08  NAND2BX1
g114662                        5.483e-07   4.495e-09   5.855e-07   3.276e-08  NAND2BX1
g114665                         5.48e-07   4.545e-09   5.853e-07   3.276e-08  NAND2BX1
g115133                        3.303e-07   2.332e-07    5.85e-07   2.148e-08  NOR2X1
g115645                        3.433e-07   2.053e-07   5.702e-07   2.165e-08  NOR2X1
g115635                         3.57e-07   1.892e-07   5.694e-07   2.312e-08  NAND2X1
g115658                         3.43e-07    2.02e-07   5.666e-07   2.165e-08  NOR2X1
g114698                        3.305e-07   2.103e-07   5.622e-07   2.148e-08  NOR2X1
g115230                        3.286e-07   2.077e-07   5.578e-07   2.148e-08  NOR2X1
g114693                        3.315e-07   1.932e-07   5.462e-07   2.148e-08  NOR2X1
g115117                        2.935e-07    2.28e-07   5.443e-07   2.287e-08  NAND2X1
g115137                        3.295e-07   1.876e-07   5.386e-07   2.148e-08  NOR2X1
g114699                        3.308e-07    1.85e-07   5.373e-07   2.148e-08  NOR2X1
g115662                        3.437e-07   1.638e-07   5.291e-07   2.165e-08  NOR2X1
g115144                        2.944e-07    2.08e-07   5.237e-07    2.13e-08  NOR2X1
g113987                        3.532e-07   1.289e-07    5.12e-07   2.993e-08  AND2X1
g115543                        3.458e-07   1.441e-07   5.115e-07   2.165e-08  NOR2X1
g113906                        2.381e-07    2.17e-07   4.772e-07   2.205e-08  INVX1
g115699                        2.025e-07   1.616e-07   3.961e-07   3.198e-08  OR4X1
g115707                        2.567e-07   9.054e-08   3.818e-07   3.457e-08  OR4X1
g115701                        2.699e-07   7.168e-08   3.747e-07   3.317e-08  OR4X1
g114047                        1.786e-07   1.528e-07   3.535e-07   2.206e-08  INVX1
g113787__6783                  1.944e-07   6.579e-08   3.149e-07   5.473e-08  NOR2BX1
g114075__7410                  2.221e-07   4.001e-08   3.101e-07   4.801e-08  AOI2BB1X1
g115183                         3.76e-08       2e-07   2.887e-07   5.114e-08  AND2X2
g115208                        1.792e-08    2.36e-07   2.761e-07   2.213e-08  INVX1
g114993                        1.658e-08   2.022e-07   2.644e-07   4.557e-08  INVX2
g114244__1881                  1.405e-07   7.329e-08   2.534e-07   3.954e-08  AO22X1
g115700                        1.998e-07   1.831e-08   2.501e-07   3.198e-08  OR4X1
g114539__5122                   1.43e-07   4.303e-08   2.401e-07   5.411e-08  MX2X1
g113104__7098                  1.013e-07   9.586e-08   2.117e-07   1.451e-08  NOR2X1
g113859__2346                  5.795e-08   9.132e-08   1.934e-07   4.413e-08  NOR2X1
g113844__4733                  7.647e-08   3.464e-08   1.406e-07   2.945e-08  AND2X1
g115593                        5.501e-08   4.604e-08   1.156e-07   1.455e-08  NOR2X1
g113918__1617                  6.338e-08   2.127e-08   1.141e-07   2.945e-08  AND2X1
g113910                        4.515e-08   4.581e-08   1.131e-07   2.211e-08  INVX1
g115591                        5.511e-08   3.521e-08   1.049e-07   1.455e-08  NOR2X1
g115370                        3.516e-08   2.835e-08    9.29e-08   2.939e-08  AND2X1
g115287__4733                  5.157e-08   1.793e-10   8.267e-08   3.092e-08  OR4X1
g114682                        2.956e-08     1.2e-08   7.097e-08   2.941e-08  AND2X1
g114676                        2.956e-08   8.215e-09   6.718e-08   2.941e-08  AND2X1
g114679                        1.827e-08   1.141e-08   4.998e-08    2.03e-08  NOR2X1
g114674                        1.854e-08   1.069e-08   4.953e-08    2.03e-08  NOR2X1
g114663                        1.458e-08   4.744e-09   4.872e-08    2.94e-08  AND2X1
g114683                         1.52e-08   1.081e-08   4.816e-08   2.216e-08  NAND2X1
g115248                         2.34e-08   8.133e-09   4.631e-08   1.478e-08  NOR2X1
g114671                         1.52e-08     8.4e-09   4.575e-08   2.216e-08  NAND2X1
g114657                        1.173e-08   4.589e-09    3.66e-08   2.029e-08  NOR2X1
g114661                        1.103e-08   4.709e-09   3.603e-08   2.029e-08  NOR2X1
g114664                        1.106e-08   4.246e-09   3.559e-08   2.029e-08  NOR2X1
g114794                        3.925e-09   1.685e-11   3.363e-08   2.969e-08  OR3X1
g114793__4733                  5.265e-10   1.506e-11   2.981e-08   2.927e-08  OR2X1
g114222__5122                   2.43e-09           0    2.92e-08   2.677e-08  OAI22X1

---------------------------------------------------------------------------------------

Total (   2890 of   2890  )      0.01623     0.01413     0.0305   0.0001421
Total Capacitance                 6.69e-12 F
Power Density                   *** No Die Area ***
